customer_id,registration_date,total_orders,return_count,return_rate,location,preferred_payment
CUST10000,2024-04-14,25,3,0.16,Bangalore,Card
CUST10001,2025-06-01,6,0,0.06,Hyderabad,Card
CUST10002,2025-08-26,39,3,0.1,Patna,COD
CUST10003,2024-10-11,15,8,0.54,Bhopal,COD
CUST10004,2024-12-18,20,14,0.7,Kolkata,COD
CUST10005,2024-03-21,15,4,0.3,Kochi,Card
CUST10006,2025-11-08,20,6,0.32,Jaipur,COD
CUST10007,2024-10-11,19,0,0.01,Kochi,UPI
CUST10008,2025-09-15,47,2,0.05,Delhi,Card
CUST10009,2024-11-28,32,5,0.18,Hyderabad,Prepaid
CUST10010,2024-08-04,25,0,0.0,Lucknow,Card
CUST10011,2024-05-26,30,12,0.43,Patna,COD
CUST10012,2025-08-20,21,1,0.08,Visakhapatnam,Prepaid
CUST10013,2024-04-22,46,29,0.64,Mumbai,COD
CUST10014,2025-09-02,43,4,0.1,Pune,Card
CUST10015,2025-11-29,5,0,0.08,Lucknow,UPI
CUST10016,2024-01-04,26,5,0.22,Patna,Card
CUST10017,2025-10-02,16,1,0.08,Lucknow,COD
CUST10018,2025-07-06,17,4,0.27,Bangalore,Card
CUST10019,2024-11-10,25,12,0.5,Kolkata,COD
CUST10020,2024-03-11,10,0,0.09,Ahmedabad,Card
CUST10021,2024-09-28,38,6,0.18,Guwahati,Card
CUST10022,2024-11-15,39,1,0.03,Chandigarh,Card
CUST10023,2024-03-06,36,8,0.24,Hyderabad,COD
CUST10024,2024-08-22,19,0,0.03,Mumbai,COD
CUST10025,2024-08-07,37,1,0.05,Ahmedabad,Card
CUST10026,2025-02-20,25,12,0.49,Ahmedabad,COD
CUST10027,2025-11-20,32,2,0.06,Jaipur,Card
CUST10028,2024-09-11,26,1,0.06,Raipur,COD
CUST10029,2024-03-18,16,0,0.02,Hyderabad,Card
CUST10030,2024-08-30,39,3,0.1,Raipur,COD
CUST10031,2025-01-23,30,0,0.03,Guwahati,COD
CUST10032,2024-06-07,34,4,0.14,Ahmedabad,COD
CUST10033,2024-02-28,39,0,0.01,Kolkata,COD
CUST10034,2024-07-09,38,5,0.14,Delhi,COD
CUST10035,2025-08-15,30,3,0.13,Hyderabad,Card
CUST10036,2024-07-28,41,4,0.1,Indore,UPI
CUST10037,2024-11-19,47,2,0.06,Patna,Prepaid
CUST10038,2025-07-04,41,3,0.09,Raipur,COD
CUST10039,2024-10-18,9,1,0.14,Coimbatore,COD
CUST10040,2025-11-10,8,2,0.29,Indore,COD
CUST10041,2024-10-05,13,5,0.42,Kanpur,COD
CUST10042,2025-06-01,48,2,0.05,Indore,Prepaid
CUST10043,2024-05-13,22,1,0.06,Kolkata,UPI
CUST10044,2024-04-24,50,3,0.07,Jaipur,COD
CUST10045,2025-08-19,27,15,0.58,Kolkata,COD
CUST10046,2025-01-01,28,0,0.01,Ranchi,COD
CUST10047,2025-09-27,40,0,0.02,Kochi,Prepaid
CUST10048,2024-07-02,15,8,0.59,Ranchi,UPI
CUST10049,2025-01-26,23,5,0.23,Delhi,UPI
CUST10050,2024-08-16,34,4,0.12,Hyderabad,COD
CUST10051,2024-12-25,9,0,0.05,Mysore,UPI
CUST10052,2024-09-24,29,9,0.32,Raipur,COD
CUST10053,2024-11-17,21,14,0.68,Bhopal,COD
CUST10054,2024-01-02,27,17,0.63,Pune,COD
CUST10055,2025-11-11,20,5,0.29,Delhi,Card
CUST10056,2024-11-30,24,3,0.13,Visakhapatnam,UPI
CUST10057,2025-09-22,47,1,0.03,Guwahati,UPI
CUST10058,2025-04-21,23,0,0.0,Kolkata,Card
CUST10059,2025-06-11,15,1,0.07,Indore,Card
CUST10060,2024-07-22,20,2,0.12,Nagpur,COD
CUST10061,2025-04-11,44,6,0.15,Raipur,Card
CUST10062,2024-05-31,29,3,0.11,Nagpur,Prepaid
CUST10063,2024-06-29,13,7,0.57,Chandigarh,Card
CUST10064,2025-04-12,20,0,0.01,Raipur,COD
CUST10065,2025-09-19,40,3,0.08,Patna,Card
CUST10066,2025-04-05,33,4,0.14,Vadodara,COD
CUST10067,2024-10-08,38,3,0.1,Nagpur,Card
CUST10068,2024-05-21,25,1,0.04,Raipur,COD
CUST10069,2024-12-04,18,0,0.02,Pune,UPI
CUST10070,2025-08-12,29,3,0.12,Ranchi,Prepaid
CUST10071,2025-07-05,22,9,0.42,Kochi,Card
CUST10072,2025-05-12,39,12,0.33,Pune,COD
CUST10073,2024-05-10,30,3,0.1,Patna,Card
CUST10074,2025-10-20,41,2,0.06,Lucknow,UPI
CUST10075,2024-12-11,25,0,0.04,Kolkata,UPI
CUST10076,2025-04-26,31,4,0.14,Delhi,COD
CUST10077,2025-10-29,27,4,0.15,Delhi,COD
CUST10078,2024-05-09,6,0,0.04,Nagpur,Prepaid
CUST10079,2024-06-20,49,1,0.03,Kolkata,Card
CUST10080,2025-08-15,18,5,0.31,Raipur,COD
CUST10081,2024-03-18,29,2,0.1,Hyderabad,Card
CUST10082,2025-08-02,24,2,0.1,Raipur,UPI
CUST10083,2024-01-13,9,0,0.1,Bhopal,UPI
CUST10084,2024-06-05,45,6,0.14,Vadodara,Card
CUST10085,2025-04-21,44,4,0.1,Vadodara,Card
CUST10086,2024-10-12,20,0,0.05,Raipur,Prepaid
CUST10087,2024-11-28,32,8,0.26,Ahmedabad,COD
CUST10088,2025-07-23,26,3,0.12,Chennai,COD
CUST10089,2025-05-02,23,8,0.37,Nagpur,COD
CUST10090,2024-09-06,10,1,0.12,Pune,Card
CUST10091,2024-12-26,27,2,0.08,Bhopal,UPI
CUST10092,2024-07-15,17,0,0.03,Bangalore,COD
CUST10093,2024-07-17,38,4,0.11,Lucknow,COD
CUST10094,2024-02-16,50,2,0.05,Indore,Card
CUST10095,2024-04-15,45,6,0.14,Vadodara,Card
CUST10096,2024-09-15,26,1,0.07,Mumbai,UPI
CUST10097,2024-06-04,36,0,0.01,Mumbai,COD
CUST10098,2025-09-12,20,0,0.05,Pune,Card
CUST10099,2025-08-25,33,2,0.08,Mysore,UPI
CUST10100,2025-10-02,11,0,0.01,Chandigarh,COD
CUST10101,2024-01-03,19,3,0.18,Kanpur,COD
CUST10102,2025-04-09,10,2,0.24,Chennai,COD
CUST10103,2025-03-11,45,1,0.04,Nagpur,COD
CUST10104,2024-03-02,22,0,0.02,Raipur,COD
CUST10105,2024-05-07,41,4,0.11,Vadodara,UPI
CUST10106,2024-03-23,40,13,0.34,Patna,UPI
CUST10107,2025-11-19,9,2,0.27,Mumbai,Card
CUST10108,2024-10-11,35,3,0.11,Patna,COD
CUST10109,2024-12-22,36,3,0.1,Vadodara,UPI
CUST10110,2024-10-22,29,9,0.32,Patna,UPI
CUST10111,2024-11-27,37,9,0.26,Chennai,COD
CUST10112,2025-02-27,8,2,0.32,Patna,COD
CUST10113,2024-07-27,36,3,0.09,Jaipur,COD
CUST10114,2025-10-07,49,2,0.04,Jaipur,Prepaid
CUST10115,2024-08-18,8,1,0.21,Lucknow,Prepaid
CUST10116,2025-06-05,14,0,0.02,Indore,UPI
CUST10117,2025-01-27,23,7,0.35,Kanpur,COD
CUST10118,2025-02-28,13,1,0.11,Mysore,Card
CUST10119,2024-06-01,24,0,0.0,Vadodara,UPI
CUST10120,2024-07-12,39,3,0.08,Kolkata,Prepaid
CUST10121,2025-01-25,31,1,0.04,Ahmedabad,Card
CUST10122,2024-05-09,17,4,0.28,Jaipur,Card
CUST10123,2024-01-16,33,0,0.02,Ahmedabad,UPI
CUST10124,2024-12-12,12,7,0.59,Indore,COD
CUST10125,2024-11-20,26,0,0.01,Kochi,UPI
CUST10126,2024-08-20,12,4,0.36,Chennai,UPI
CUST10127,2024-01-30,21,17,0.83,Indore,COD
CUST10128,2025-06-27,31,6,0.21,Nagpur,COD
CUST10129,2025-09-26,19,3,0.19,Pune,UPI
CUST10130,2024-09-18,24,9,0.39,Patna,COD
CUST10131,2024-03-16,19,8,0.47,Kanpur,COD
CUST10132,2025-04-12,45,3,0.09,Mysore,Prepaid
CUST10133,2025-08-11,21,17,0.86,Kolkata,COD
CUST10134,2025-09-12,33,5,0.15,Mumbai,UPI
CUST10135,2025-09-27,30,5,0.2,Hyderabad,COD
CUST10136,2024-11-12,16,4,0.3,Jaipur,Prepaid
CUST10137,2025-03-01,10,1,0.11,Coimbatore,COD
CUST10138,2024-06-17,28,2,0.08,Indore,COD
CUST10139,2024-04-27,26,6,0.25,Bhopal,COD
CUST10140,2025-07-24,19,2,0.11,Kochi,UPI
CUST10141,2025-08-21,34,2,0.08,Chennai,Card
CUST10142,2025-09-16,17,6,0.38,Bhopal,COD
CUST10143,2024-04-29,49,6,0.12,Pune,COD
CUST10144,2025-07-04,25,10,0.43,Hyderabad,COD
CUST10145,2025-08-24,49,4,0.1,Kochi,Prepaid
CUST10146,2024-02-03,25,12,0.51,Indore,COD
CUST10147,2025-01-11,20,1,0.07,Raipur,Card
CUST10148,2024-04-03,17,1,0.06,Vadodara,Card
CUST10149,2024-05-08,11,3,0.34,Chandigarh,Prepaid
CUST10150,2024-12-02,18,2,0.11,Nagpur,Card
CUST10151,2024-06-27,14,1,0.13,Mysore,COD
CUST10152,2025-08-25,21,8,0.38,Chandigarh,COD
CUST10153,2025-05-02,31,0,0.01,Lucknow,UPI
CUST10154,2025-11-05,37,0,0.02,Mumbai,UPI
CUST10155,2024-04-20,38,5,0.16,Kochi,COD
CUST10156,2024-03-08,12,4,0.37,Bangalore,COD
CUST10157,2025-04-09,28,7,0.27,Chennai,UPI
CUST10158,2025-03-16,46,4,0.11,Nagpur,Prepaid
CUST10159,2024-11-16,30,3,0.12,Lucknow,Card
CUST10160,2024-04-03,48,6,0.14,Raipur,Prepaid
CUST10161,2025-08-23,28,3,0.11,Ranchi,Card
CUST10162,2024-02-22,27,0,0.02,Kochi,Card
CUST10163,2024-08-17,37,0,0.02,Ahmedabad,UPI
CUST10164,2025-07-28,25,5,0.22,Visakhapatnam,Card
CUST10165,2024-01-30,9,2,0.28,Indore,COD
CUST10166,2024-05-26,29,6,0.21,Bangalore,UPI
CUST10167,2025-01-20,6,0,0.11,Hyderabad,UPI
CUST10168,2024-02-23,25,1,0.05,Raipur,COD
CUST10169,2025-05-12,13,2,0.16,Pune,UPI
CUST10170,2024-10-17,12,1,0.11,Delhi,Card
CUST10171,2024-01-08,7,0,0.1,Mumbai,COD
CUST10172,2024-01-08,18,9,0.54,Delhi,COD
CUST10173,2024-03-14,39,0,0.02,Bhopal,Card
CUST10174,2025-08-10,9,0,0.0,Kochi,Card
CUST10175,2025-09-24,6,0,0.02,Guwahati,Card
CUST10176,2025-06-20,13,4,0.37,Pune,COD
CUST10177,2024-03-19,17,9,0.54,Bangalore,COD
CUST10178,2024-08-29,27,2,0.08,Bangalore,COD
CUST10179,2024-06-30,14,0,0.03,Raipur,Card
CUST10180,2025-10-04,42,4,0.11,Bhopal,UPI
CUST10181,2024-12-26,24,1,0.07,Ranchi,UPI
CUST10182,2025-10-22,28,0,0.01,Raipur,Prepaid
CUST10183,2025-04-05,37,9,0.25,Jaipur,Card
CUST10184,2025-04-06,38,8,0.21,Jaipur,COD
CUST10185,2024-02-10,12,5,0.44,Kanpur,COD
CUST10186,2025-01-16,38,2,0.07,Bhopal,UPI
CUST10187,2024-03-08,43,2,0.05,Kolkata,Card
CUST10188,2024-12-24,17,3,0.21,Bangalore,COD
CUST10189,2024-11-13,16,4,0.28,Lucknow,Card
CUST10190,2025-06-04,13,4,0.31,Visakhapatnam,COD
CUST10191,2024-07-15,18,0,0.03,Ahmedabad,COD
CUST10192,2025-11-08,11,0,0.01,Jaipur,Card
CUST10193,2025-03-24,15,0,0.06,Bangalore,COD
CUST10194,2024-08-27,33,3,0.11,Patna,UPI
CUST10195,2025-04-17,27,22,0.84,Ahmedabad,COD
CUST10196,2025-09-11,34,8,0.25,Chandigarh,COD
CUST10197,2025-06-12,28,2,0.1,Lucknow,UPI
CUST10198,2025-03-23,33,0,0.02,Guwahati,COD
CUST10199,2024-02-24,21,11,0.55,Kochi,COD
CUST10200,2024-11-22,10,0,0.06,Mumbai,Card
CUST10201,2024-05-22,16,4,0.31,Ahmedabad,UPI
CUST10202,2024-06-02,10,0,0.0,Hyderabad,Card
CUST10203,2024-02-18,26,6,0.23,Delhi,COD
CUST10204,2025-09-03,12,3,0.27,Ahmedabad,Card
CUST10205,2025-09-21,14,0,0.04,Mumbai,Card
CUST10206,2024-03-10,10,0,0.1,Bhopal,Card
CUST10207,2024-02-14,40,5,0.15,Ahmedabad,UPI
CUST10208,2025-08-18,9,0,0.0,Delhi,UPI
CUST10209,2025-04-20,26,1,0.05,Guwahati,UPI
CUST10210,2024-02-07,12,3,0.31,Patna,COD
CUST10211,2025-06-11,7,0,0.03,Chennai,Card
CUST10212,2024-02-18,46,0,0.01,Kolkata,UPI
CUST10213,2025-01-30,32,3,0.12,Vadodara,Prepaid
CUST10214,2025-03-10,38,2,0.07,Delhi,COD
CUST10215,2024-12-01,26,8,0.31,Delhi,UPI
CUST10216,2025-04-02,15,1,0.11,Bhopal,COD
CUST10217,2024-03-17,23,10,0.44,Mumbai,COD
CUST10218,2024-05-26,48,3,0.08,Mumbai,Card
CUST10219,2025-01-05,12,1,0.16,Kolkata,COD
CUST10220,2025-01-15,48,4,0.09,Bhopal,Prepaid
CUST10221,2024-09-12,30,2,0.08,Chennai,Prepaid
CUST10222,2024-09-25,32,7,0.25,Raipur,Card
CUST10223,2024-07-23,23,3,0.15,Patna,COD
CUST10224,2025-11-14,24,11,0.46,Coimbatore,COD
CUST10225,2025-01-05,24,1,0.08,Guwahati,Prepaid
CUST10226,2025-01-04,30,25,0.84,Ranchi,COD
CUST10227,2024-03-08,40,4,0.12,Delhi,Card
CUST10228,2024-05-08,34,8,0.26,Raipur,Card
CUST10229,2024-05-12,38,2,0.07,Bangalore,Prepaid
CUST10230,2024-08-18,27,6,0.25,Kolkata,COD
CUST10231,2024-05-08,12,6,0.57,Chennai,COD
CUST10232,2024-06-24,18,3,0.17,Kanpur,Card
CUST10233,2024-03-24,28,12,0.43,Mumbai,COD
CUST10234,2025-09-24,21,5,0.27,Kochi,UPI
CUST10235,2024-09-07,30,14,0.49,Vadodara,Card
CUST10236,2025-03-01,49,3,0.07,Ahmedabad,Prepaid
CUST10237,2025-02-12,50,1,0.02,Kolkata,COD
CUST10238,2024-09-30,25,2,0.08,Delhi,Prepaid
CUST10239,2024-09-11,29,1,0.04,Kochi,Prepaid
CUST10240,2025-05-25,28,9,0.34,Bangalore,UPI
CUST10241,2025-06-01,6,0,0.05,Pune,Prepaid
CUST10242,2024-10-19,8,0,0.05,Ahmedabad,Prepaid
CUST10243,2024-02-16,28,3,0.13,Coimbatore,Card
CUST10244,2025-07-17,23,1,0.05,Ahmedabad,COD
CUST10245,2025-02-07,22,17,0.8,Delhi,COD
CUST10246,2025-09-08,38,29,0.77,Chandigarh,COD
CUST10247,2025-06-15,13,0,0.01,Patna,Card
CUST10248,2025-09-23,29,11,0.38,Pune,UPI
CUST10249,2025-05-01,37,2,0.08,Indore,UPI
CUST10250,2025-09-03,31,0,0.02,Jaipur,Card
CUST10251,2024-06-23,22,6,0.31,Patna,Card
CUST10252,2024-02-02,17,5,0.32,Chandigarh,Card
CUST10253,2024-07-27,25,0,0.0,Visakhapatnam,Card
CUST10254,2025-07-28,11,6,0.57,Nagpur,COD
CUST10255,2025-06-29,28,7,0.26,Vadodara,COD
CUST10256,2025-09-16,48,5,0.12,Indore,Prepaid
CUST10257,2025-05-15,24,1,0.04,Chandigarh,UPI
CUST10258,2025-02-08,22,3,0.14,Pune,Prepaid
CUST10259,2025-11-02,50,2,0.04,Ahmedabad,COD
CUST10260,2024-05-20,39,1,0.03,Chennai,COD
CUST10261,2025-10-15,11,2,0.2,Nagpur,COD
CUST10262,2024-01-06,35,1,0.05,Bangalore,Prepaid
CUST10263,2024-10-21,35,4,0.14,Nagpur,Card
CUST10264,2024-06-28,46,5,0.12,Jaipur,Prepaid
CUST10265,2024-10-23,22,7,0.36,Guwahati,Prepaid
CUST10266,2024-05-17,26,2,0.09,Ahmedabad,UPI
CUST10267,2025-10-25,26,3,0.12,Ahmedabad,COD
CUST10268,2024-06-28,23,2,0.11,Nagpur,Card
CUST10269,2025-11-16,26,14,0.56,Pune,COD
CUST10270,2024-08-29,30,22,0.74,Pune,COD
CUST10271,2024-09-24,42,2,0.05,Jaipur,Card
CUST10272,2025-05-29,34,3,0.1,Pune,Card
CUST10273,2024-08-12,26,7,0.29,Hyderabad,UPI
CUST10274,2025-07-04,43,4,0.11,Ahmedabad,Prepaid
CUST10275,2024-03-20,13,3,0.29,Bhopal,Prepaid
CUST10276,2024-06-17,37,3,0.08,Bangalore,Card
CUST10277,2025-06-06,50,5,0.1,Lucknow,Prepaid
CUST10278,2025-11-19,34,2,0.08,Patna,Card
CUST10279,2024-02-16,5,0,0.04,Lucknow,Card
CUST10280,2024-02-02,9,1,0.15,Vadodara,COD
CUST10281,2025-01-18,46,0,0.02,Kochi,UPI
CUST10282,2025-10-31,29,3,0.14,Bangalore,Prepaid
CUST10283,2024-01-04,38,3,0.08,Hyderabad,UPI
CUST10284,2024-09-10,32,3,0.11,Nagpur,Prepaid
CUST10285,2025-09-21,12,1,0.14,Pune,Prepaid
CUST10286,2024-09-07,43,0,0.01,Mumbai,UPI
CUST10287,2024-08-27,8,0,0.08,Chennai,Card
CUST10288,2024-11-05,48,4,0.09,Chandigarh,Card
CUST10289,2025-10-03,22,1,0.06,Bangalore,Card
CUST10290,2025-03-02,46,6,0.15,Bhopal,UPI
CUST10291,2024-11-03,35,3,0.11,Hyderabad,Prepaid
CUST10292,2025-02-01,34,11,0.33,Guwahati,COD
CUST10293,2025-07-02,33,3,0.1,Raipur,Prepaid
CUST10294,2024-07-11,43,2,0.06,Lucknow,Card
CUST10295,2024-11-06,38,9,0.26,Kolkata,Prepaid
CUST10296,2024-09-05,12,0,0.03,Patna,Card
CUST10297,2025-01-24,40,5,0.14,Chennai,Card
CUST10298,2024-04-10,37,1,0.04,Vadodara,Card
CUST10299,2024-02-16,18,2,0.13,Pune,Prepaid
CUST10300,2024-12-03,34,5,0.15,Hyderabad,COD
CUST10301,2024-09-20,40,1,0.04,Bhopal,UPI
CUST10302,2024-06-22,46,36,0.79,Bhopal,COD
CUST10303,2025-06-20,39,1,0.03,Ranchi,COD
CUST10304,2024-05-20,11,3,0.34,Kochi,Prepaid
CUST10305,2024-03-02,18,0,0.02,Bhopal,Card
CUST10306,2024-01-13,25,14,0.58,Pune,COD
CUST10307,2024-07-02,26,6,0.26,Pune,COD
CUST10308,2024-12-28,17,0,0.02,Indore,COD
CUST10309,2024-08-19,30,1,0.06,Nagpur,COD
CUST10310,2025-01-21,10,1,0.17,Pune,Prepaid
CUST10311,2025-10-22,13,3,0.29,Visakhapatnam,Card
CUST10312,2024-08-04,48,42,0.89,Chandigarh,Card
CUST10313,2025-07-10,11,5,0.47,Mysore,COD
CUST10314,2025-08-24,25,3,0.14,Hyderabad,COD
CUST10315,2025-08-03,12,3,0.31,Hyderabad,UPI
CUST10316,2024-03-21,32,8,0.26,Guwahati,UPI
CUST10317,2024-11-30,9,0,0.07,Pune,COD
CUST10318,2025-03-18,36,5,0.15,Pune,COD
CUST10319,2024-03-16,44,2,0.06,Hyderabad,COD
CUST10320,2024-11-20,45,4,0.11,Pune,Prepaid
CUST10321,2024-05-15,28,1,0.05,Raipur,COD
CUST10322,2024-04-01,37,3,0.08,Jaipur,Prepaid
CUST10323,2025-02-01,29,3,0.12,Pune,Card
CUST10324,2025-01-24,17,9,0.58,Kanpur,COD
CUST10325,2024-10-09,14,0,0.04,Pune,UPI
CUST10326,2025-08-31,23,5,0.22,Patna,UPI
CUST10327,2024-12-03,30,1,0.05,Pune,UPI
CUST10328,2025-05-05,16,5,0.32,Hyderabad,COD
CUST10329,2025-08-12,33,29,0.89,Patna,COD
CUST10330,2025-08-29,30,1,0.04,Hyderabad,Prepaid
CUST10331,2025-03-24,37,9,0.26,Chandigarh,Card
CUST10332,2025-10-10,31,3,0.13,Kanpur,UPI
CUST10333,2025-08-19,32,9,0.29,Ahmedabad,COD
CUST10334,2025-01-03,49,6,0.14,Jaipur,Card
CUST10335,2024-06-19,11,1,0.14,Coimbatore,Prepaid
CUST10336,2025-03-16,46,4,0.1,Kolkata,COD
CUST10337,2025-04-01,38,1,0.03,Nagpur,UPI
CUST10338,2025-05-09,40,10,0.27,Mumbai,COD
CUST10339,2024-12-22,12,1,0.14,Guwahati,UPI
CUST10340,2025-04-08,30,7,0.25,Patna,COD
CUST10341,2025-10-25,12,1,0.12,Kolkata,COD
CUST10342,2024-12-04,23,7,0.34,Kanpur,UPI
CUST10343,2025-02-09,16,0,0.06,Pune,COD
CUST10344,2024-07-29,35,6,0.19,Hyderabad,COD
CUST10345,2025-01-09,14,4,0.31,Guwahati,COD
CUST10346,2025-09-03,36,1,0.04,Bhopal,UPI
CUST10347,2025-09-21,34,1,0.05,Indore,Card
CUST10348,2024-05-24,24,0,0.02,Kolkata,UPI
CUST10349,2025-07-22,32,2,0.09,Bangalore,COD
CUST10350,2024-01-10,33,0,0.03,Bhopal,Prepaid
CUST10351,2025-05-18,40,13,0.34,Visakhapatnam,COD
CUST10352,2024-10-26,13,3,0.25,Nagpur,COD
CUST10353,2025-07-16,34,1,0.04,Patna,Card
CUST10354,2025-03-27,28,3,0.12,Jaipur,UPI
CUST10355,2025-04-05,20,2,0.12,Mumbai,COD
CUST10356,2024-08-02,13,4,0.37,Chandigarh,Card
CUST10357,2024-07-30,35,11,0.32,Bangalore,Prepaid
CUST10358,2024-10-26,43,3,0.08,Bhopal,COD
CUST10359,2025-02-25,48,6,0.13,Guwahati,UPI
CUST10360,2024-09-10,14,5,0.38,Kolkata,Card
CUST10361,2025-01-19,45,0,0.02,Pune,Card
CUST10362,2025-01-12,33,10,0.3,Indore,COD
CUST10363,2025-10-12,10,0,0.09,Patna,UPI
CUST10364,2024-08-04,22,12,0.55,Pune,COD
CUST10365,2024-12-17,40,1,0.04,Patna,Prepaid
CUST10366,2025-03-27,34,3,0.09,Bangalore,UPI
CUST10367,2024-06-11,13,1,0.1,Mysore,UPI
CUST10368,2024-02-23,10,0,0.05,Bangalore,UPI
CUST10369,2024-01-02,35,10,0.3,Lucknow,COD
CUST10370,2024-01-09,38,3,0.09,Jaipur,Prepaid
CUST10371,2025-01-27,23,16,0.73,Nagpur,COD
CUST10372,2025-01-26,31,5,0.17,Guwahati,Prepaid
CUST10373,2025-09-16,12,3,0.29,Jaipur,UPI
CUST10374,2024-08-10,14,0,0.03,Vadodara,COD
CUST10375,2025-03-15,42,4,0.11,Bhopal,Prepaid
CUST10376,2024-01-28,20,1,0.1,Indore,Card
CUST10377,2024-10-29,29,11,0.4,Visakhapatnam,COD
CUST10378,2024-09-03,23,7,0.31,Lucknow,COD
CUST10379,2024-05-15,5,0,0.08,Coimbatore,Card
CUST10380,2024-01-18,16,1,0.08,Raipur,Prepaid
CUST10381,2025-06-02,8,0,0.01,Kochi,COD
CUST10382,2025-10-17,35,10,0.3,Lucknow,Card
CUST10383,2024-06-08,10,0,0.01,Nagpur,UPI
CUST10384,2024-11-13,46,5,0.11,Lucknow,Card
CUST10385,2024-04-28,30,20,0.67,Pune,COD
CUST10386,2024-01-12,19,4,0.21,Bangalore,COD
CUST10387,2024-10-02,31,23,0.76,Bangalore,COD
CUST10388,2025-06-20,26,3,0.13,Mysore,COD
CUST10389,2024-02-26,12,3,0.27,Bhopal,COD
CUST10390,2024-08-21,21,1,0.06,Raipur,Prepaid
CUST10391,2025-01-27,20,2,0.13,Kolkata,Prepaid
CUST10392,2024-08-17,27,15,0.56,Kochi,COD
CUST10393,2024-05-02,22,2,0.11,Coimbatore,Prepaid
CUST10394,2025-04-21,7,0,0.12,Raipur,UPI
CUST10395,2025-07-31,5,0,0.08,Chennai,Card
CUST10396,2025-07-13,39,9,0.24,Chandigarh,Prepaid
CUST10397,2025-10-13,6,0,0.14,Kolkata,Prepaid
CUST10398,2024-04-16,39,23,0.6,Mysore,COD
CUST10399,2024-10-13,18,13,0.73,Guwahati,COD
CUST10400,2025-04-14,26,14,0.57,Bhopal,Prepaid
CUST10401,2025-08-29,45,3,0.08,Raipur,UPI
CUST10402,2025-02-06,26,4,0.18,Kolkata,Card
CUST10403,2024-05-19,19,1,0.07,Hyderabad,Card
CUST10404,2024-05-03,33,0,0.02,Visakhapatnam,Prepaid
CUST10405,2025-09-09,12,0,0.07,Chennai,COD
CUST10406,2025-02-09,13,2,0.22,Bhopal,Card
CUST10407,2025-04-08,16,1,0.12,Pune,Card
CUST10408,2024-08-15,13,0,0.07,Mumbai,COD
CUST10409,2024-03-17,13,2,0.22,Indore,COD
CUST10410,2024-12-05,33,4,0.14,Raipur,COD
CUST10411,2025-05-23,28,10,0.36,Visakhapatnam,COD
CUST10412,2024-10-13,21,3,0.18,Mysore,COD
CUST10413,2025-05-25,44,4,0.09,Chennai,Card
CUST10414,2025-10-20,29,0,0.01,Hyderabad,Card
CUST10415,2025-01-02,39,5,0.15,Kochi,UPI
CUST10416,2024-01-27,25,2,0.08,Bangalore,Prepaid
CUST10417,2025-06-26,22,2,0.12,Ahmedabad,Card
CUST10418,2024-09-29,21,18,0.89,Hyderabad,COD
CUST10419,2024-12-29,22,6,0.3,Visakhapatnam,Prepaid
CUST10420,2024-12-26,49,4,0.09,Mumbai,Card
CUST10421,2025-05-17,36,5,0.14,Kanpur,COD
CUST10422,2024-12-05,6,0,0.09,Jaipur,Prepaid
CUST10423,2024-03-01,19,4,0.22,Coimbatore,COD
CUST10424,2024-03-15,12,1,0.14,Coimbatore,Card
CUST10425,2025-03-23,24,0,0.02,Bangalore,UPI
CUST10426,2025-01-22,30,5,0.18,Bangalore,COD
CUST10427,2025-08-04,8,1,0.18,Kochi,COD
CUST10428,2025-05-23,22,7,0.33,Lucknow,COD
CUST10429,2025-11-17,28,5,0.2,Delhi,UPI
CUST10430,2024-09-19,20,0,0.04,Bhopal,Card
CUST10431,2025-05-19,31,1,0.06,Kochi,UPI
CUST10432,2024-06-15,35,0,0.02,Chandigarh,Prepaid
CUST10433,2025-01-19,11,0,0.05,Bangalore,COD
CUST10434,2024-02-01,10,1,0.14,Ahmedabad,Card
CUST10435,2024-07-29,15,2,0.13,Kolkata,UPI
CUST10436,2024-08-31,24,7,0.29,Indore,COD
CUST10437,2024-01-04,36,2,0.08,Kolkata,UPI
CUST10438,2024-07-30,38,10,0.28,Mumbai,COD
CUST10439,2025-04-27,12,0,0.01,Pune,Card
CUST10440,2025-01-13,29,2,0.1,Pune,COD
CUST10441,2025-07-31,21,1,0.07,Chennai,COD
CUST10442,2025-08-26,13,3,0.28,Visakhapatnam,COD
CUST10443,2025-08-09,38,2,0.06,Patna,UPI
CUST10444,2024-05-03,50,2,0.06,Bangalore,UPI
CUST10445,2024-02-13,18,2,0.15,Guwahati,Card
CUST10446,2024-11-23,45,6,0.15,Chennai,Prepaid
CUST10447,2025-06-16,40,3,0.08,Chennai,Prepaid
CUST10448,2024-05-31,34,9,0.27,Bangalore,Card
CUST10449,2024-10-19,14,4,0.34,Lucknow,UPI
CUST10450,2024-02-08,30,12,0.42,Patna,COD
CUST10451,2025-02-09,48,4,0.09,Jaipur,UPI
CUST10452,2024-01-21,38,6,0.16,Coimbatore,COD
CUST10453,2024-08-21,39,8,0.21,Raipur,COD
CUST10454,2025-09-11,35,25,0.73,Pune,COD
CUST10455,2024-02-27,31,0,0.03,Bhopal,Prepaid
CUST10456,2024-06-26,30,3,0.11,Mumbai,COD
CUST10457,2025-01-04,23,7,0.32,Mumbai,UPI
CUST10458,2025-11-28,30,2,0.07,Lucknow,COD
CUST10459,2025-08-23,16,1,0.09,Vadodara,UPI
CUST10460,2025-01-30,49,6,0.13,Mumbai,COD
CUST10461,2025-11-24,16,8,0.54,Chandigarh,COD
CUST10462,2025-10-24,8,2,0.25,Kanpur,COD
CUST10463,2025-03-09,27,5,0.19,Indore,UPI
CUST10464,2025-08-21,24,0,0.03,Visakhapatnam,COD
CUST10465,2024-11-01,28,2,0.1,Indore,UPI
CUST10466,2024-09-24,45,6,0.15,Chennai,Card
CUST10467,2025-11-07,20,0,0.02,Kochi,Prepaid
CUST10468,2025-02-18,26,7,0.28,Pune,COD
CUST10469,2024-08-15,41,4,0.11,Coimbatore,Card
CUST10470,2025-11-04,30,9,0.33,Kanpur,Prepaid
CUST10471,2025-11-27,21,1,0.07,Kanpur,Card
CUST10472,2025-01-15,24,1,0.05,Bhopal,COD
CUST10473,2025-04-28,35,4,0.13,Delhi,Card
CUST10474,2024-06-03,38,3,0.1,Mumbai,COD
CUST10475,2024-05-26,41,2,0.06,Vadodara,Card
CUST10476,2024-11-16,26,0,0.01,Kanpur,Prepaid
CUST10477,2025-05-16,15,0,0.03,Kanpur,Prepaid
CUST10478,2025-01-27,32,2,0.07,Patna,COD
CUST10479,2024-01-19,5,0,0.11,Chandigarh,Card
CUST10480,2025-01-27,30,5,0.2,Delhi,UPI
CUST10481,2025-06-16,24,2,0.12,Vadodara,UPI
CUST10482,2025-01-02,13,1,0.1,Ahmedabad,Prepaid
CUST10483,2024-05-14,22,12,0.58,Hyderabad,COD
CUST10484,2025-01-19,12,0,0.08,Mumbai,UPI
CUST10485,2024-02-19,11,3,0.27,Jaipur,UPI
CUST10486,2024-07-29,21,0,0.02,Kanpur,Card
CUST10487,2025-09-29,11,0,0.06,Indore,Prepaid
CUST10488,2024-10-16,37,4,0.13,Lucknow,COD
CUST10489,2025-01-01,17,0,0.03,Chandigarh,UPI
CUST10490,2024-12-04,18,1,0.08,Patna,COD
CUST10491,2024-06-01,12,0,0.01,Vadodara,Card
CUST10492,2024-10-30,21,2,0.11,Patna,COD
CUST10493,2025-11-24,7,0,0.12,Coimbatore,Card
CUST10494,2025-11-10,7,0,0.13,Bangalore,UPI
CUST10495,2025-01-16,44,2,0.07,Delhi,Prepaid
CUST10496,2025-05-04,34,2,0.06,Pune,Card
CUST10497,2024-06-12,14,5,0.39,Jaipur,COD
CUST10498,2025-09-17,28,13,0.47,Kanpur,COD
CUST10499,2025-05-09,48,0,0.0,Guwahati,Prepaid
CUST10500,2024-01-13,12,5,0.46,Kolkata,Card
CUST10501,2025-06-15,41,4,0.11,Kolkata,Card
CUST10502,2024-06-01,23,5,0.24,Visakhapatnam,Card
CUST10503,2025-06-01,10,5,0.5,Kanpur,UPI
CUST10504,2024-10-11,25,9,0.37,Kolkata,COD
CUST10505,2025-04-15,30,2,0.1,Raipur,Card
CUST10506,2025-10-31,33,4,0.13,Ahmedabad,COD
CUST10507,2025-09-10,40,0,0.01,Delhi,Card
CUST10508,2024-12-15,18,1,0.08,Patna,Prepaid
CUST10509,2025-11-03,29,9,0.32,Patna,COD
CUST10510,2024-12-29,47,0,0.01,Kolkata,UPI
CUST10511,2025-05-19,11,0,0.06,Bangalore,COD
CUST10512,2024-07-11,14,4,0.29,Hyderabad,COD
CUST10513,2025-02-28,16,6,0.4,Lucknow,COD
CUST10514,2025-04-13,15,4,0.28,Vadodara,Card
CUST10515,2025-08-22,38,2,0.07,Visakhapatnam,Card
CUST10516,2024-04-16,19,6,0.33,Kanpur,COD
CUST10517,2025-09-15,40,13,0.33,Kochi,Prepaid
CUST10518,2024-05-21,23,3,0.14,Kanpur,Card
CUST10519,2024-07-24,27,12,0.48,Chandigarh,COD
CUST10520,2025-05-30,16,4,0.29,Guwahati,Card
CUST10521,2025-11-21,27,0,0.02,Visakhapatnam,Card
CUST10522,2025-01-25,5,0,0.13,Jaipur,COD
CUST10523,2024-05-29,18,3,0.19,Mysore,Card
CUST10524,2024-04-14,10,1,0.19,Ahmedabad,Card
CUST10525,2025-11-11,32,10,0.32,Chennai,COD
CUST10526,2024-01-14,48,2,0.06,Mumbai,Prepaid
CUST10527,2025-08-25,36,11,0.31,Coimbatore,Card
CUST10528,2025-11-30,17,1,0.11,Bangalore,COD
CUST10529,2024-10-12,22,18,0.82,Pune,COD
CUST10530,2024-06-07,21,1,0.09,Ahmedabad,COD
CUST10531,2025-05-17,30,14,0.5,Indore,Card
CUST10532,2025-06-17,25,2,0.12,Kanpur,COD
CUST10533,2024-08-14,39,2,0.06,Bhopal,Card
CUST10534,2025-07-28,18,0,0.05,Vadodara,Card
CUST10535,2024-02-10,33,3,0.1,Hyderabad,UPI
CUST10536,2024-01-26,12,1,0.12,Chennai,UPI
CUST10537,2024-11-24,36,2,0.08,Hyderabad,Prepaid
CUST10538,2024-08-03,39,5,0.14,Lucknow,Prepaid
CUST10539,2025-10-24,13,5,0.46,Pune,Prepaid
CUST10540,2024-03-30,37,6,0.18,Jaipur,COD
CUST10541,2024-09-21,9,0,0.04,Nagpur,UPI
CUST10542,2025-07-01,9,2,0.24,Delhi,COD
CUST10543,2025-01-01,10,1,0.16,Lucknow,Prepaid
CUST10544,2025-01-25,43,4,0.1,Ahmedabad,Card
CUST10545,2025-07-12,19,0,0.02,Pune,COD
CUST10546,2025-07-20,31,6,0.21,Ranchi,Prepaid
CUST10547,2024-11-08,43,0,0.0,Delhi,COD
CUST10548,2024-06-13,21,6,0.3,Kanpur,COD
CUST10549,2025-07-16,15,3,0.2,Mumbai,COD
CUST10550,2025-08-17,9,0,0.04,Hyderabad,UPI
CUST10551,2024-07-17,20,2,0.1,Delhi,UPI
CUST10552,2024-11-19,49,4,0.1,Bhopal,Prepaid
CUST10553,2024-10-10,19,0,0.04,Visakhapatnam,Prepaid
CUST10554,2024-11-08,38,8,0.22,Bhopal,COD
CUST10555,2025-07-05,10,0,0.1,Guwahati,COD
CUST10556,2025-08-18,12,3,0.28,Ranchi,Card
CUST10557,2025-10-31,21,0,0.01,Patna,UPI
CUST10558,2024-05-17,42,5,0.13,Indore,Card
CUST10559,2025-06-10,5,0,0.05,Kanpur,COD
CUST10560,2025-05-10,41,3,0.08,Kanpur,Prepaid
CUST10561,2024-02-13,9,0,0.07,Hyderabad,Card
CUST10562,2024-02-10,25,11,0.44,Ranchi,UPI
CUST10563,2025-08-15,45,6,0.15,Mysore,Prepaid
CUST10564,2025-06-13,42,2,0.06,Lucknow,COD
CUST10565,2025-05-13,40,26,0.67,Kolkata,COD
CUST10566,2024-03-19,14,4,0.35,Nagpur,COD
CUST10567,2025-11-07,15,0,0.02,Delhi,COD
CUST10568,2024-08-03,38,11,0.29,Patna,Card
CUST10569,2024-05-17,10,1,0.15,Bangalore,Prepaid
CUST10570,2025-06-13,15,5,0.39,Bangalore,Card
CUST10571,2025-04-04,33,26,0.79,Chandigarh,COD
CUST10572,2025-08-19,19,1,0.07,Guwahati,Prepaid
CUST10573,2025-04-09,18,4,0.25,Bhopal,Prepaid
CUST10574,2024-06-02,11,0,0.06,Pune,Prepaid
CUST10575,2024-04-05,7,0,0.09,Raipur,Prepaid
CUST10576,2025-06-18,10,4,0.48,Kochi,COD
CUST10577,2025-01-25,23,12,0.52,Ahmedabad,COD
CUST10578,2025-05-03,14,4,0.33,Indore,Prepaid
CUST10579,2024-01-08,31,4,0.13,Mumbai,Prepaid
CUST10580,2025-02-22,18,1,0.06,Bhopal,Prepaid
CUST10581,2025-08-01,21,1,0.09,Kochi,UPI
CUST10582,2024-07-02,28,20,0.72,Patna,COD
CUST10583,2024-05-21,24,0,0.04,Visakhapatnam,Card
CUST10584,2024-08-07,49,1,0.03,Raipur,UPI
CUST10585,2024-04-03,11,3,0.27,Mumbai,UPI
CUST10586,2024-03-22,12,5,0.46,Kolkata,COD
CUST10587,2025-09-03,33,11,0.34,Indore,COD
CUST10588,2025-11-03,39,7,0.19,Nagpur,Card
CUST10589,2025-09-21,43,0,0.01,Nagpur,COD
CUST10590,2024-10-09,5,0,0.04,Raipur,UPI
CUST10591,2024-04-02,20,4,0.23,Lucknow,Card
CUST10592,2024-08-19,30,9,0.33,Chennai,Prepaid
CUST10593,2025-06-02,5,0,0.06,Pune,COD
CUST10594,2025-07-04,12,0,0.04,Mysore,Card
CUST10595,2024-12-13,29,1,0.07,Nagpur,UPI
CUST10596,2024-03-10,9,2,0.33,Indore,COD
CUST10597,2024-12-27,22,4,0.19,Kochi,Prepaid
CUST10598,2024-03-18,26,5,0.2,Kolkata,Prepaid
CUST10599,2025-05-25,41,2,0.05,Hyderabad,Prepaid
CUST10600,2025-09-25,21,6,0.32,Hyderabad,COD
CUST10601,2025-09-20,13,2,0.17,Patna,COD
CUST10602,2025-05-19,25,14,0.59,Kolkata,Card
CUST10603,2025-08-13,26,12,0.47,Hyderabad,COD
CUST10604,2025-02-07,39,2,0.06,Kolkata,Prepaid
CUST10605,2024-01-13,38,0,0.02,Jaipur,UPI
CUST10606,2025-07-15,44,2,0.05,Guwahati,COD
CUST10607,2025-03-10,26,3,0.14,Ahmedabad,COD
CUST10608,2025-08-08,33,7,0.22,Bangalore,COD
CUST10609,2025-07-22,11,0,0.03,Nagpur,UPI
CUST10610,2024-06-29,14,1,0.12,Jaipur,Prepaid
CUST10611,2025-05-13,48,41,0.85,Bhopal,COD
CUST10612,2024-03-02,30,2,0.09,Bangalore,COD
CUST10613,2024-09-23,11,1,0.13,Bhopal,Card
CUST10614,2024-12-25,27,3,0.12,Delhi,Card
CUST10615,2024-12-29,46,3,0.09,Indore,Card
CUST10616,2025-04-19,10,1,0.11,Chennai,Prepaid
CUST10617,2024-03-14,20,10,0.51,Visakhapatnam,COD
CUST10618,2025-09-11,46,2,0.05,Chennai,UPI
CUST10619,2025-02-27,21,11,0.55,Patna,COD
CUST10620,2024-08-03,17,6,0.38,Lucknow,COD
CUST10621,2025-02-10,35,0,0.01,Jaipur,Prepaid
CUST10622,2024-11-12,10,0,0.09,Visakhapatnam,COD
CUST10623,2024-01-30,16,3,0.24,Bangalore,COD
CUST10624,2025-07-15,35,4,0.14,Indore,Card
CUST10625,2025-06-20,34,3,0.09,Visakhapatnam,Card
CUST10626,2025-03-28,39,2,0.05,Delhi,UPI
CUST10627,2024-12-18,5,0,0.05,Kanpur,COD
CUST10628,2024-11-02,36,3,0.1,Vadodara,COD
CUST10629,2024-07-12,19,0,0.04,Coimbatore,Card
CUST10630,2025-01-22,50,1,0.04,Visakhapatnam,COD
CUST10631,2024-10-18,38,3,0.09,Mysore,Card
CUST10632,2024-04-23,12,2,0.23,Chennai,Card
CUST10633,2024-06-04,36,3,0.11,Mumbai,COD
CUST10634,2025-03-24,11,0,0.03,Bangalore,Prepaid
CUST10635,2025-05-25,18,0,0.0,Chennai,UPI
CUST10636,2024-02-27,13,2,0.16,Guwahati,COD
CUST10637,2025-01-25,16,1,0.08,Chennai,Prepaid
CUST10638,2024-09-10,39,31,0.81,Vadodara,COD
CUST10639,2025-04-29,11,0,0.07,Nagpur,UPI
CUST10640,2024-09-16,11,4,0.39,Lucknow,COD
CUST10641,2024-04-25,8,0,0.05,Chandigarh,COD
CUST10642,2024-09-05,22,0,0.0,Visakhapatnam,COD
CUST10643,2025-01-15,35,4,0.12,Kanpur,Prepaid
CUST10644,2024-03-02,44,0,0.01,Mumbai,Prepaid
CUST10645,2025-07-25,16,4,0.31,Bhopal,UPI
CUST10646,2025-01-01,20,4,0.24,Pune,UPI
CUST10647,2024-07-13,24,11,0.47,Patna,COD
CUST10648,2024-03-11,34,1,0.05,Bangalore,UPI
CUST10649,2024-07-08,28,1,0.04,Visakhapatnam,Card
CUST10650,2025-11-05,17,9,0.54,Delhi,UPI
CUST10651,2024-11-26,40,4,0.1,Chennai,UPI
CUST10652,2024-07-01,9,0,0.08,Bangalore,Prepaid
CUST10653,2025-11-04,7,0,0.03,Visakhapatnam,Card
CUST10654,2024-01-14,31,6,0.2,Delhi,Prepaid
CUST10655,2025-01-04,13,4,0.34,Jaipur,UPI
CUST10656,2025-06-25,11,3,0.31,Mysore,COD
CUST10657,2024-04-13,18,0,0.05,Raipur,Card
CUST10658,2025-07-25,47,1,0.03,Bangalore,UPI
CUST10659,2024-04-16,30,9,0.3,Visakhapatnam,COD
CUST10660,2024-12-26,26,1,0.06,Patna,Card
CUST10661,2024-11-27,38,26,0.7,Visakhapatnam,COD
CUST10662,2025-01-03,40,1,0.03,Mysore,UPI
CUST10663,2025-06-14,17,10,0.6,Ranchi,COD
CUST10664,2024-01-23,17,5,0.35,Kolkata,Card
CUST10665,2024-04-06,40,13,0.33,Kanpur,COD
CUST10666,2024-08-26,28,0,0.02,Chandigarh,COD
CUST10667,2024-11-28,41,3,0.09,Raipur,Prepaid
CUST10668,2025-09-01,49,6,0.13,Lucknow,Prepaid
CUST10669,2024-12-22,13,3,0.27,Coimbatore,UPI
CUST10670,2025-10-11,19,2,0.13,Jaipur,UPI
CUST10671,2024-11-30,25,1,0.08,Kanpur,Prepaid
CUST10672,2024-08-15,30,3,0.1,Raipur,UPI
CUST10673,2025-07-15,35,1,0.05,Jaipur,Prepaid
CUST10674,2025-05-07,49,3,0.07,Bangalore,UPI
CUST10675,2024-09-05,40,3,0.09,Nagpur,COD
CUST10676,2025-03-09,13,2,0.21,Pune,COD
CUST10677,2024-06-22,46,2,0.05,Chennai,Card
CUST10678,2024-07-23,17,5,0.31,Nagpur,Prepaid
CUST10679,2025-09-27,15,4,0.32,Nagpur,UPI
CUST10680,2024-01-24,12,1,0.1,Ahmedabad,Card
CUST10681,2025-09-29,38,1,0.03,Vadodara,Prepaid
CUST10682,2024-09-18,32,9,0.28,Jaipur,COD
CUST10683,2025-11-01,44,5,0.12,Ahmedabad,Prepaid
CUST10684,2024-01-20,47,1,0.04,Delhi,COD
CUST10685,2024-11-19,22,9,0.45,Lucknow,COD
CUST10686,2025-07-28,17,0,0.01,Patna,Prepaid
CUST10687,2024-06-09,24,3,0.14,Pune,COD
CUST10688,2024-03-04,27,5,0.22,Chennai,UPI
CUST10689,2024-08-18,10,5,0.55,Mysore,COD
CUST10690,2025-03-03,12,6,0.51,Nagpur,COD
CUST10691,2024-07-30,43,6,0.15,Bangalore,Card
CUST10692,2025-03-16,13,1,0.12,Bangalore,Prepaid
CUST10693,2024-07-07,18,4,0.26,Delhi,COD
CUST10694,2025-02-25,20,10,0.53,Kochi,COD
CUST10695,2024-04-19,25,7,0.31,Hyderabad,COD
CUST10696,2025-09-02,44,6,0.15,Hyderabad,COD
CUST10697,2025-10-27,38,8,0.22,Ahmedabad,COD
CUST10698,2024-02-03,14,6,0.47,Hyderabad,COD
CUST10699,2024-07-28,41,35,0.88,Hyderabad,COD
CUST10700,2025-04-13,29,17,0.6,Bhopal,UPI
CUST10701,2025-09-18,29,0,0.01,Visakhapatnam,Card
CUST10702,2025-04-07,50,3,0.08,Raipur,Prepaid
CUST10703,2025-07-25,27,11,0.41,Mumbai,COD
CUST10704,2024-11-07,20,6,0.34,Pune,UPI
CUST10705,2025-04-19,44,2,0.06,Guwahati,UPI
CUST10706,2025-02-06,16,1,0.08,Guwahati,UPI
CUST10707,2024-04-02,50,3,0.07,Vadodara,COD
CUST10708,2024-04-03,18,5,0.33,Lucknow,COD
CUST10709,2025-01-22,38,2,0.05,Kanpur,Prepaid
CUST10710,2024-07-02,17,5,0.33,Bangalore,Prepaid
CUST10711,2024-04-30,33,1,0.05,Bangalore,Prepaid
CUST10712,2025-07-10,5,0,0.11,Patna,Card
CUST10713,2025-02-23,28,11,0.41,Patna,COD
CUST10714,2024-02-20,25,3,0.15,Nagpur,COD
CUST10715,2024-12-05,14,0,0.05,Mysore,Prepaid
CUST10716,2025-04-11,15,2,0.15,Kanpur,UPI
CUST10717,2024-03-10,19,7,0.37,Pune,Card
CUST10718,2024-12-03,12,0,0.07,Indore,Card
CUST10719,2025-05-10,8,0,0.03,Delhi,Card
CUST10720,2024-09-22,19,11,0.6,Bhopal,COD
CUST10721,2025-06-16,23,16,0.71,Patna,COD
CUST10722,2024-07-17,44,5,0.12,Chennai,COD
CUST10723,2025-09-22,12,1,0.09,Nagpur,UPI
CUST10724,2024-10-15,45,2,0.05,Hyderabad,COD
CUST10725,2024-04-26,40,1,0.05,Mumbai,UPI
CUST10726,2024-12-04,6,0,0.09,Chandigarh,Card
CUST10727,2024-06-08,7,0,0.07,Patna,Card
CUST10728,2025-06-17,23,10,0.47,Ranchi,COD
CUST10729,2024-12-28,9,1,0.21,Kolkata,COD
CUST10730,2025-08-07,26,3,0.13,Guwahati,Prepaid
CUST10731,2024-02-02,24,3,0.13,Bhopal,COD
CUST10732,2024-08-09,28,3,0.13,Indore,Prepaid
CUST10733,2025-06-02,17,2,0.12,Vadodara,COD
CUST10734,2025-06-20,17,1,0.08,Ahmedabad,UPI
CUST10735,2024-07-29,38,4,0.13,Kanpur,UPI
CUST10736,2025-08-31,12,1,0.13,Mumbai,UPI
CUST10737,2024-01-24,38,0,0.01,Mysore,UPI
CUST10738,2025-06-29,20,3,0.19,Chennai,COD
CUST10739,2024-01-16,14,0,0.02,Delhi,Card
CUST10740,2024-05-24,27,0,0.03,Indore,UPI
CUST10741,2025-07-07,24,0,0.03,Bhopal,Prepaid
CUST10742,2024-03-29,8,1,0.14,Mumbai,Prepaid
CUST10743,2024-12-06,36,11,0.33,Indore,Card
CUST10744,2025-08-04,13,4,0.31,Vadodara,COD
CUST10745,2025-12-01,37,12,0.33,Chennai,UPI
CUST10746,2025-01-07,14,1,0.14,Mysore,Card
CUST10747,2024-03-07,20,8,0.43,Jaipur,COD
CUST10748,2025-09-10,15,1,0.07,Kolkata,Card
CUST10749,2024-11-05,11,1,0.12,Delhi,UPI
CUST10750,2025-01-28,20,0,0.04,Patna,COD
CUST10751,2025-08-03,32,3,0.1,Kochi,Card
CUST10752,2024-04-27,12,2,0.18,Patna,UPI
CUST10753,2024-03-12,33,0,0.01,Pune,Card
CUST10754,2024-04-02,32,9,0.3,Mumbai,COD
CUST10755,2025-11-07,45,3,0.09,Guwahati,COD
CUST10756,2025-11-28,41,2,0.06,Nagpur,UPI
CUST10757,2024-12-18,24,3,0.14,Kochi,Card
CUST10758,2024-03-04,30,4,0.15,Mysore,Card
CUST10759,2024-04-22,50,30,0.6,Coimbatore,Prepaid
CUST10760,2025-02-19,30,3,0.11,Visakhapatnam,Card
CUST10761,2025-01-03,13,0,0.03,Pune,Prepaid
CUST10762,2025-10-25,13,1,0.13,Delhi,COD
CUST10763,2024-03-27,35,8,0.25,Guwahati,COD
CUST10764,2025-06-05,35,11,0.32,Patna,COD
CUST10765,2025-08-14,22,4,0.23,Mumbai,COD
CUST10766,2024-02-04,25,7,0.29,Bhopal,Card
CUST10767,2024-05-25,42,2,0.06,Lucknow,Card
CUST10768,2025-06-19,32,28,0.9,Lucknow,Prepaid
CUST10769,2025-12-01,47,4,0.09,Raipur,Card
CUST10770,2025-04-25,26,0,0.01,Jaipur,UPI
CUST10771,2024-10-23,27,1,0.05,Mysore,COD
CUST10772,2024-03-03,27,7,0.27,Indore,Card
CUST10773,2024-10-20,23,0,0.01,Ranchi,Prepaid
CUST10774,2024-10-08,22,2,0.13,Chennai,Prepaid
CUST10775,2024-06-28,17,4,0.27,Bhopal,COD
CUST10776,2024-05-28,10,2,0.25,Delhi,Prepaid
CUST10777,2025-11-07,34,10,0.3,Chandigarh,COD
CUST10778,2024-04-28,30,5,0.19,Chennai,COD
CUST10779,2025-01-23,35,2,0.07,Nagpur,UPI
CUST10780,2025-01-26,32,0,0.02,Ahmedabad,Card
CUST10781,2025-09-17,30,4,0.16,Kochi,UPI
CUST10782,2025-04-17,11,0,0.04,Pune,Card
CUST10783,2024-11-16,17,1,0.1,Kanpur,Card
CUST10784,2025-04-01,31,0,0.01,Delhi,Card
CUST10785,2025-08-31,6,0,0.03,Jaipur,Prepaid
CUST10786,2025-01-19,22,17,0.79,Bangalore,COD
CUST10787,2024-09-16,15,7,0.49,Guwahati,COD
CUST10788,2025-03-13,37,6,0.17,Mysore,Card
CUST10789,2024-03-04,18,3,0.21,Mysore,COD
CUST10790,2025-05-18,21,0,0.01,Delhi,Prepaid
CUST10791,2024-08-11,39,7,0.19,Pune,Prepaid
CUST10792,2025-08-08,13,6,0.53,Delhi,UPI
CUST10793,2025-11-11,46,3,0.07,Jaipur,Prepaid
CUST10794,2025-05-04,8,2,0.33,Patna,COD
CUST10795,2025-01-28,12,3,0.31,Jaipur,UPI
CUST10796,2025-02-14,27,2,0.08,Chennai,COD
CUST10797,2024-03-23,38,30,0.79,Bhopal,COD
CUST10798,2025-01-28,20,4,0.21,Mumbai,UPI
CUST10799,2024-07-13,30,9,0.33,Patna,COD
CUST10800,2024-03-05,42,4,0.11,Pune,Card
CUST10801,2024-02-07,33,2,0.08,Ranchi,UPI
CUST10802,2025-11-25,15,2,0.16,Ahmedabad,Card
CUST10803,2025-05-15,9,0,0.09,Bangalore,UPI
CUST10804,2024-01-15,17,8,0.5,Kanpur,COD
CUST10805,2025-08-28,11,0,0.05,Kanpur,COD
CUST10806,2025-03-12,22,3,0.17,Hyderabad,COD
CUST10807,2024-11-25,33,9,0.3,Bangalore,Prepaid
CUST10808,2024-05-24,29,7,0.27,Chennai,Prepaid
CUST10809,2024-05-16,36,9,0.26,Mumbai,COD
CUST10810,2024-03-23,18,4,0.27,Ahmedabad,COD
CUST10811,2025-03-02,46,0,0.01,Indore,UPI
CUST10812,2024-09-01,25,4,0.19,Visakhapatnam,Card
CUST10813,2025-10-04,39,10,0.27,Lucknow,UPI
CUST10814,2025-09-25,20,0,0.0,Delhi,Card
CUST10815,2024-02-24,45,3,0.07,Indore,COD
CUST10816,2025-11-17,38,10,0.29,Kanpur,Prepaid
CUST10817,2024-02-14,35,7,0.21,Ahmedabad,COD
CUST10818,2025-06-11,15,1,0.08,Vadodara,COD
CUST10819,2024-07-22,28,14,0.53,Visakhapatnam,UPI
CUST10820,2024-07-23,19,0,0.02,Pune,Prepaid
CUST10821,2024-08-09,8,0,0.09,Guwahati,UPI
CUST10822,2024-10-03,34,1,0.06,Bhopal,COD
CUST10823,2025-04-21,8,0,0.1,Delhi,Prepaid
CUST10824,2025-08-14,26,5,0.19,Kanpur,Prepaid
CUST10825,2025-08-28,36,4,0.13,Chandigarh,UPI
CUST10826,2025-08-16,20,2,0.11,Pune,COD
CUST10827,2024-02-15,28,16,0.59,Kochi,COD
CUST10828,2025-05-05,7,0,0.12,Visakhapatnam,Card
CUST10829,2025-02-20,23,5,0.24,Mumbai,Prepaid
CUST10830,2024-06-14,10,0,0.04,Chennai,Card
CUST10831,2025-02-19,37,5,0.15,Kanpur,COD
CUST10832,2025-01-29,30,15,0.51,Delhi,UPI
CUST10833,2024-03-23,22,0,0.04,Nagpur,UPI
CUST10834,2025-01-27,31,4,0.16,Raipur,COD
CUST10835,2025-07-28,19,4,0.22,Lucknow,Prepaid
CUST10836,2025-08-17,39,1,0.05,Ahmedabad,Card
CUST10837,2025-05-30,19,2,0.11,Chennai,UPI
CUST10838,2025-04-26,33,1,0.06,Lucknow,Card
CUST10839,2024-07-11,36,11,0.33,Lucknow,UPI
CUST10840,2024-04-21,16,0,0.06,Delhi,COD
CUST10841,2024-10-27,14,0,0.02,Ranchi,Card
CUST10842,2024-10-25,27,0,0.02,Jaipur,COD
CUST10843,2025-08-15,38,4,0.12,Visakhapatnam,Card
CUST10844,2024-11-09,36,8,0.25,Kanpur,COD
CUST10845,2024-05-31,23,1,0.07,Ranchi,UPI
CUST10846,2024-07-05,25,19,0.79,Indore,Card
CUST10847,2024-02-12,17,4,0.28,Delhi,Card
CUST10848,2025-11-12,16,0,0.04,Mumbai,UPI
CUST10849,2024-01-26,15,1,0.07,Lucknow,UPI
CUST10850,2025-10-24,28,9,0.34,Kolkata,UPI
CUST10851,2024-12-12,28,16,0.59,Patna,COD
CUST10852,2024-11-11,16,5,0.33,Lucknow,COD
CUST10853,2025-09-14,30,5,0.19,Mumbai,Card
CUST10854,2025-07-05,22,2,0.12,Delhi,Card
CUST10855,2024-11-21,40,6,0.17,Ahmedabad,Card
CUST10856,2025-01-13,21,12,0.58,Pune,COD
CUST10857,2024-08-08,24,1,0.05,Raipur,UPI
CUST10858,2025-02-28,36,8,0.23,Pune,COD
CUST10859,2024-03-08,18,0,0.01,Kolkata,Card
CUST10860,2025-02-28,34,5,0.17,Indore,COD
CUST10861,2024-10-23,13,1,0.09,Pune,Prepaid
CUST10862,2024-08-17,27,5,0.21,Patna,COD
CUST10863,2024-05-07,45,1,0.04,Vadodara,UPI
CUST10864,2024-05-02,49,3,0.07,Jaipur,UPI
CUST10865,2024-09-21,38,23,0.62,Visakhapatnam,COD
CUST10866,2024-09-22,12,1,0.1,Mumbai,COD
CUST10867,2024-02-24,49,2,0.05,Bangalore,COD
CUST10868,2025-06-26,27,3,0.14,Chennai,Prepaid
CUST10869,2025-07-10,16,1,0.11,Guwahati,UPI
CUST10870,2024-04-08,27,7,0.29,Kolkata,UPI
CUST10871,2025-02-25,26,3,0.15,Ahmedabad,COD
CUST10872,2025-07-26,14,5,0.38,Nagpur,COD
CUST10873,2024-04-29,15,3,0.26,Lucknow,Prepaid
CUST10874,2025-09-03,28,1,0.05,Ahmedabad,UPI
CUST10875,2024-08-20,12,0,0.05,Bangalore,Prepaid
CUST10876,2024-03-20,49,0,0.01,Raipur,COD
CUST10877,2025-04-25,17,1,0.06,Mumbai,COD
CUST10878,2024-05-06,47,0,0.01,Delhi,Prepaid
CUST10879,2024-05-29,47,1,0.03,Delhi,UPI
CUST10880,2025-06-01,15,6,0.44,Chandigarh,COD
CUST10881,2024-10-15,5,0,0.09,Nagpur,COD
CUST10882,2025-01-10,14,2,0.15,Vadodara,Prepaid
CUST10883,2025-03-10,16,2,0.14,Kochi,COD
CUST10884,2025-06-16,25,0,0.02,Delhi,COD
CUST10885,2024-04-28,10,2,0.29,Ahmedabad,COD
CUST10886,2024-08-19,48,5,0.11,Vadodara,UPI
CUST10887,2025-11-26,19,13,0.73,Vadodara,COD
CUST10888,2025-06-19,48,4,0.1,Ahmedabad,Prepaid
CUST10889,2024-06-21,49,2,0.06,Lucknow,COD
CUST10890,2025-05-26,40,28,0.7,Pune,COD
CUST10891,2024-12-30,25,6,0.27,Kochi,COD
CUST10892,2025-04-10,39,9,0.23,Kanpur,COD
CUST10893,2024-04-11,45,3,0.07,Ranchi,Prepaid
CUST10894,2024-06-05,16,0,0.0,Kolkata,Card
CUST10895,2024-07-25,38,0,0.01,Vadodara,COD
CUST10896,2024-02-02,39,2,0.08,Mumbai,Prepaid
CUST10897,2024-02-03,29,1,0.05,Jaipur,COD
CUST10898,2024-11-15,18,5,0.31,Kanpur,UPI
CUST10899,2025-05-02,39,10,0.26,Patna,Prepaid
CUST10900,2025-09-23,36,2,0.06,Visakhapatnam,UPI
CUST10901,2024-12-23,7,0,0.0,Kolkata,Card
CUST10902,2024-12-19,26,3,0.13,Pune,UPI
CUST10903,2025-08-29,20,1,0.1,Chennai,COD
CUST10904,2025-07-05,15,4,0.32,Mumbai,COD
CUST10905,2024-09-30,41,5,0.13,Visakhapatnam,COD
CUST10906,2024-11-26,25,0,0.0,Pune,UPI
CUST10907,2024-06-19,26,2,0.1,Bhopal,UPI
CUST10908,2024-10-21,19,12,0.66,Chandigarh,COD
CUST10909,2025-08-15,19,1,0.09,Lucknow,COD
CUST10910,2024-12-21,38,0,0.01,Nagpur,Card
CUST10911,2024-07-23,27,6,0.25,Bhopal,COD
CUST10912,2024-01-20,47,3,0.08,Guwahati,Card
CUST10913,2024-10-01,16,7,0.49,Patna,Card
CUST10914,2025-06-18,35,11,0.32,Ranchi,COD
CUST10915,2025-02-24,48,1,0.04,Kochi,Prepaid
CUST10916,2024-09-19,25,7,0.32,Guwahati,Prepaid
CUST10917,2025-04-20,17,0,0.02,Chennai,UPI
CUST10918,2024-01-30,17,2,0.14,Bangalore,COD
CUST10919,2025-05-12,19,5,0.28,Jaipur,Prepaid
CUST10920,2025-02-20,29,10,0.37,Delhi,Card
CUST10921,2025-06-18,16,2,0.17,Delhi,Card
CUST10922,2024-08-31,18,10,0.58,Lucknow,COD
CUST10923,2025-03-09,32,6,0.21,Chandigarh,COD
CUST10924,2025-08-26,22,0,0.03,Indore,COD
CUST10925,2025-05-01,12,1,0.1,Pune,UPI
CUST10926,2024-11-11,21,12,0.58,Bhopal,COD
CUST10927,2024-09-16,18,14,0.78,Nagpur,COD
CUST10928,2025-07-01,28,4,0.14,Raipur,UPI
CUST10929,2024-11-04,30,4,0.14,Mysore,COD
CUST10930,2025-03-25,21,4,0.2,Guwahati,Card
CUST10931,2025-04-27,10,0,0.01,Vadodara,UPI
CUST10932,2025-06-02,14,4,0.33,Mysore,COD
CUST10933,2024-01-29,40,4,0.11,Patna,Card
CUST10934,2025-10-05,16,4,0.28,Hyderabad,COD
CUST10935,2025-08-31,20,0,0.02,Kanpur,UPI
CUST10936,2024-10-15,13,1,0.13,Kolkata,COD
CUST10937,2024-01-22,29,0,0.03,Chandigarh,Card
CUST10938,2024-09-25,13,3,0.28,Chandigarh,Prepaid
CUST10939,2025-01-11,43,3,0.09,Delhi,COD
CUST10940,2025-11-20,38,0,0.0,Patna,Prepaid
CUST10941,2025-01-26,25,4,0.19,Ahmedabad,COD
CUST10942,2025-03-04,19,9,0.5,Nagpur,COD
CUST10943,2024-09-11,24,3,0.16,Ahmedabad,COD
CUST10944,2025-02-11,8,1,0.24,Bhopal,Card
CUST10945,2025-07-24,43,2,0.06,Delhi,COD
CUST10946,2024-01-06,27,0,0.04,Ranchi,COD
CUST10947,2025-07-26,33,6,0.21,Kanpur,COD
CUST10948,2024-05-15,36,0,0.03,Vadodara,COD
CUST10949,2024-05-10,24,5,0.24,Mumbai,COD
CUST10950,2024-09-26,38,26,0.68,Mysore,COD
CUST10951,2024-11-19,28,5,0.2,Kanpur,UPI
CUST10952,2024-02-25,36,6,0.18,Bangalore,COD
CUST10953,2025-05-21,50,1,0.04,Lucknow,COD
CUST10954,2024-05-31,36,3,0.11,Lucknow,COD
CUST10955,2025-07-30,16,2,0.13,Mysore,Card
CUST10956,2025-03-02,5,0,0.15,Kanpur,Prepaid
CUST10957,2025-02-07,29,8,0.29,Delhi,COD
CUST10958,2025-04-16,20,7,0.38,Delhi,Card
CUST10959,2024-12-03,22,2,0.09,Jaipur,Card
CUST10960,2025-10-21,16,3,0.24,Mumbai,COD
CUST10961,2024-07-01,32,9,0.3,Chennai,COD
CUST10962,2025-02-01,9,2,0.23,Guwahati,UPI
CUST10963,2025-03-18,17,5,0.34,Ahmedabad,UPI
CUST10964,2025-06-08,21,10,0.5,Bhopal,COD
CUST10965,2024-04-02,22,1,0.06,Visakhapatnam,UPI
CUST10966,2025-04-19,35,8,0.24,Kolkata,Card
CUST10967,2024-10-24,39,7,0.18,Lucknow,COD
CUST10968,2025-12-01,24,2,0.12,Bangalore,Prepaid
CUST10969,2025-06-09,8,0,0.04,Jaipur,COD
CUST10970,2024-12-29,47,0,0.01,Indore,COD
CUST10971,2024-07-02,12,0,0.08,Patna,UPI
CUST10972,2025-11-17,50,3,0.06,Ahmedabad,UPI
CUST10973,2025-09-10,16,2,0.14,Delhi,COD
CUST10974,2024-01-14,9,2,0.24,Delhi,COD
CUST10975,2024-11-06,47,4,0.1,Vadodara,Card
CUST10976,2024-03-30,49,4,0.1,Indore,COD
CUST10977,2024-01-28,6,0,0.02,Nagpur,COD
CUST10978,2024-03-29,35,9,0.28,Chandigarh,COD
CUST10979,2025-03-31,6,0,0.07,Bangalore,UPI
CUST10980,2024-02-22,20,1,0.07,Pune,Prepaid
CUST10981,2024-02-07,34,9,0.29,Mysore,COD
CUST10982,2024-08-25,44,3,0.09,Vadodara,Card
CUST10983,2025-04-29,40,3,0.09,Pune,COD
CUST10984,2024-06-14,36,10,0.28,Jaipur,COD
CUST10985,2025-09-08,19,0,0.05,Bhopal,Card
CUST10986,2025-03-02,26,4,0.18,Visakhapatnam,Card
CUST10987,2025-09-28,38,8,0.22,Guwahati,COD
CUST10988,2024-06-09,38,6,0.17,Hyderabad,Prepaid
CUST10989,2025-07-24,39,13,0.34,Hyderabad,COD
CUST10990,2025-05-30,27,3,0.13,Kanpur,COD
CUST10991,2025-05-13,44,2,0.06,Hyderabad,COD
CUST10992,2024-06-03,7,0,0.05,Mysore,Card
CUST10993,2025-04-13,11,1,0.17,Vadodara,Prepaid
CUST10994,2025-06-03,21,17,0.83,Ranchi,COD
CUST10995,2025-03-28,31,10,0.32,Chennai,UPI
CUST10996,2024-05-05,31,5,0.17,Bangalore,UPI
CUST10997,2024-12-15,15,12,0.83,Ahmedabad,COD
CUST10998,2025-10-06,50,1,0.04,Coimbatore,Prepaid
CUST10999,2025-02-27,22,5,0.26,Pune,UPI
CUST11000,2024-05-29,38,28,0.75,Vadodara,COD
CUST11001,2025-02-15,12,3,0.25,Kolkata,Prepaid
CUST11002,2025-08-11,7,0,0.06,Kanpur,COD
CUST11003,2024-11-17,26,7,0.29,Indore,Prepaid
CUST11004,2025-10-21,17,5,0.33,Patna,COD
CUST11005,2025-10-26,46,5,0.12,Bhopal,Prepaid
CUST11006,2025-06-16,27,10,0.37,Bangalore,UPI
CUST11007,2024-01-24,24,1,0.08,Kanpur,COD
CUST11008,2025-03-08,23,6,0.27,Mysore,Prepaid
CUST11009,2024-05-06,24,7,0.32,Bhopal,COD
CUST11010,2025-04-09,27,4,0.17,Jaipur,COD
CUST11011,2024-12-24,42,4,0.11,Nagpur,COD
CUST11012,2024-04-17,16,5,0.31,Nagpur,COD
CUST11013,2025-03-11,28,3,0.12,Kanpur,Prepaid
CUST11014,2024-03-20,13,0,0.06,Patna,Card
CUST11015,2025-10-13,30,2,0.08,Vadodara,UPI
CUST11016,2025-06-01,34,11,0.34,Guwahati,COD
CUST11017,2024-08-05,40,7,0.18,Raipur,COD
CUST11018,2025-09-08,40,0,0.02,Delhi,Prepaid
CUST11019,2025-01-15,7,0,0.09,Lucknow,UPI
CUST11020,2024-02-19,14,1,0.07,Pune,UPI
CUST11021,2024-03-10,25,10,0.4,Kolkata,UPI
CUST11022,2025-05-01,33,1,0.05,Kochi,Card
CUST11023,2025-11-14,45,0,0.02,Patna,Card
CUST11024,2024-08-26,47,5,0.12,Visakhapatnam,UPI
CUST11025,2024-06-18,33,4,0.14,Lucknow,Card
CUST11026,2025-10-21,27,8,0.3,Lucknow,Prepaid
CUST11027,2025-05-02,18,13,0.76,Chandigarh,COD
CUST11028,2024-10-08,39,3,0.1,Mumbai,Prepaid
CUST11029,2025-02-15,36,11,0.32,Kolkata,UPI
CUST11030,2025-06-24,23,8,0.36,Mumbai,COD
CUST11031,2024-05-27,11,0,0.02,Indore,COD
CUST11032,2025-09-21,34,6,0.18,Jaipur,Prepaid
CUST11033,2025-02-26,29,0,0.01,Bangalore,UPI
CUST11034,2025-09-03,12,1,0.12,Hyderabad,UPI
CUST11035,2025-04-20,12,0,0.08,Kolkata,Prepaid
CUST11036,2024-10-02,19,1,0.06,Ranchi,Card
CUST11037,2025-04-01,16,3,0.2,Pune,COD
CUST11038,2024-09-08,17,3,0.19,Bangalore,UPI
CUST11039,2025-09-27,17,13,0.77,Ahmedabad,COD
CUST11040,2025-11-27,45,27,0.6,Chennai,COD
CUST11041,2024-02-16,42,3,0.09,Mysore,COD
CUST11042,2024-05-23,10,0,0.01,Delhi,UPI
CUST11043,2025-11-29,26,10,0.4,Coimbatore,Card
CUST11044,2024-12-15,33,3,0.11,Kolkata,COD
CUST11045,2025-09-15,23,16,0.7,Jaipur,COD
CUST11046,2025-02-06,23,11,0.52,Patna,COD
CUST11047,2025-11-19,12,3,0.28,Patna,COD
CUST11048,2024-05-07,37,26,0.71,Mumbai,COD
CUST11049,2025-11-27,17,7,0.46,Indore,UPI
CUST11050,2024-08-27,45,5,0.12,Hyderabad,UPI
CUST11051,2024-01-08,50,3,0.07,Nagpur,COD
CUST11052,2024-06-23,25,5,0.23,Patna,Card
CUST11053,2024-03-07,19,5,0.28,Bangalore,COD
CUST11054,2024-07-15,26,14,0.56,Indore,Prepaid
CUST11055,2024-01-03,49,39,0.81,Patna,Card
CUST11056,2024-10-07,28,7,0.28,Visakhapatnam,COD
CUST11057,2024-02-18,38,2,0.07,Chandigarh,COD
CUST11058,2024-03-24,5,0,0.07,Kolkata,Prepaid
CUST11059,2024-07-20,42,28,0.67,Chandigarh,COD
CUST11060,2024-01-25,11,1,0.09,Pune,Card
CUST11061,2024-12-14,17,9,0.56,Hyderabad,UPI
CUST11062,2024-04-07,9,0,0.04,Vadodara,Card
CUST11063,2024-05-10,7,1,0.15,Delhi,COD
CUST11064,2025-07-26,35,5,0.16,Mumbai,COD
CUST11065,2025-04-09,34,7,0.23,Mumbai,COD
CUST11066,2025-04-09,14,4,0.33,Mumbai,Card
CUST11067,2025-08-09,43,0,0.02,Nagpur,COD
CUST11068,2024-07-09,35,1,0.05,Patna,COD
CUST11069,2024-11-14,27,4,0.16,Bhopal,Card
CUST11070,2025-01-12,27,4,0.18,Indore,Card
CUST11071,2025-03-08,8,0,0.1,Mumbai,Prepaid
CUST11072,2025-04-23,12,2,0.19,Ahmedabad,UPI
CUST11073,2024-12-02,20,9,0.49,Visakhapatnam,COD
CUST11074,2025-10-16,7,0,0.12,Jaipur,COD
CUST11075,2025-01-19,20,1,0.09,Bhopal,COD
CUST11076,2024-01-31,28,4,0.15,Kolkata,Prepaid
CUST11077,2024-02-14,42,1,0.03,Coimbatore,Prepaid
CUST11078,2025-07-21,21,0,0.03,Bhopal,COD
CUST11079,2025-11-24,21,0,0.03,Ranchi,COD
CUST11080,2025-04-12,29,9,0.33,Mysore,COD
CUST11081,2024-05-01,35,9,0.28,Raipur,COD
CUST11082,2024-11-21,16,8,0.55,Bhopal,COD
CUST11083,2025-07-02,17,11,0.67,Chandigarh,COD
CUST11084,2025-06-04,45,1,0.04,Guwahati,UPI
CUST11085,2024-06-20,35,0,0.01,Raipur,Card
CUST11086,2025-06-22,37,8,0.22,Kolkata,Card
CUST11087,2024-07-31,40,29,0.74,Jaipur,COD
CUST11088,2025-01-21,30,3,0.13,Pune,UPI
CUST11089,2024-08-23,10,0,0.01,Kolkata,UPI
CUST11090,2025-01-11,33,1,0.05,Visakhapatnam,UPI
CUST11091,2025-01-02,33,0,0.0,Delhi,UPI
CUST11092,2024-04-10,13,3,0.25,Chandigarh,COD
CUST11093,2024-09-13,26,2,0.08,Kolkata,Card
CUST11094,2024-01-09,16,3,0.19,Mysore,UPI
CUST11095,2025-04-28,33,10,0.31,Ranchi,Prepaid
CUST11096,2025-04-17,16,6,0.41,Patna,COD
CUST11097,2024-08-02,32,4,0.13,Kochi,Card
CUST11098,2025-05-26,13,0,0.02,Mumbai,UPI
CUST11099,2024-11-29,48,3,0.06,Mysore,Card
CUST11100,2025-08-04,17,5,0.33,Coimbatore,Card
CUST11101,2025-02-04,22,10,0.49,Chandigarh,COD
CUST11102,2025-10-16,26,1,0.07,Patna,Prepaid
CUST11103,2024-01-28,16,1,0.1,Ahmedabad,COD
CUST11104,2025-11-06,23,3,0.14,Chennai,UPI
CUST11105,2025-02-04,15,1,0.08,Pune,COD
CUST11106,2024-07-30,35,2,0.08,Visakhapatnam,COD
CUST11107,2025-09-10,50,3,0.06,Kanpur,UPI
CUST11108,2024-01-08,48,3,0.08,Nagpur,UPI
CUST11109,2025-04-16,20,1,0.06,Patna,Prepaid
CUST11110,2025-02-04,37,7,0.21,Chennai,Prepaid
CUST11111,2025-01-28,44,1,0.03,Patna,Prepaid
CUST11112,2024-10-07,10,1,0.17,Bangalore,Card
CUST11113,2025-05-20,49,6,0.14,Nagpur,Card
CUST11114,2025-02-23,11,0,0.06,Bhopal,UPI
CUST11115,2025-01-25,6,0,0.01,Ahmedabad,UPI
CUST11116,2024-11-30,10,4,0.45,Bangalore,COD
CUST11117,2025-03-24,10,0,0.07,Nagpur,COD
CUST11118,2024-06-30,18,5,0.32,Raipur,COD
CUST11119,2025-11-24,9,0,0.06,Jaipur,COD
CUST11120,2025-03-28,50,1,0.03,Hyderabad,Card
CUST11121,2025-03-30,14,3,0.28,Chennai,COD
CUST11122,2024-09-01,17,1,0.12,Coimbatore,COD
CUST11123,2025-11-27,5,0,0.0,Hyderabad,Prepaid
CUST11124,2025-03-01,25,15,0.63,Jaipur,COD
CUST11125,2025-03-14,20,4,0.21,Visakhapatnam,COD
CUST11126,2024-01-13,16,0,0.05,Kolkata,UPI
CUST11127,2024-02-14,22,2,0.1,Bhopal,COD
CUST11128,2025-07-03,43,1,0.05,Lucknow,Card
CUST11129,2025-11-25,43,6,0.14,Pune,Card
CUST11130,2024-03-10,49,1,0.03,Ahmedabad,Card
CUST11131,2025-05-30,26,12,0.46,Nagpur,COD
CUST11132,2024-09-06,22,14,0.67,Pune,COD
CUST11133,2024-07-28,23,1,0.06,Pune,Prepaid
CUST11134,2024-05-17,24,11,0.5,Bhopal,COD
CUST11135,2024-01-25,34,10,0.3,Indore,COD
CUST11136,2024-08-15,21,4,0.22,Nagpur,UPI
CUST11137,2024-03-12,45,1,0.03,Ahmedabad,Prepaid
CUST11138,2025-08-29,21,3,0.18,Bangalore,Prepaid
CUST11139,2024-09-07,34,0,0.01,Hyderabad,Card
CUST11140,2024-10-05,33,1,0.04,Chandigarh,UPI
CUST11141,2025-03-27,30,4,0.15,Ahmedabad,Card
CUST11142,2025-03-13,38,11,0.3,Pune,UPI
CUST11143,2024-11-09,16,0,0.02,Ahmedabad,UPI
CUST11144,2024-07-19,26,1,0.07,Ahmedabad,COD
CUST11145,2025-05-18,37,0,0.0,Bhopal,UPI
CUST11146,2025-10-18,21,12,0.59,Chennai,Prepaid
CUST11147,2024-07-17,12,0,0.01,Bangalore,UPI
CUST11148,2025-10-12,30,9,0.3,Patna,Card
CUST11149,2025-05-04,32,1,0.06,Nagpur,COD
CUST11150,2024-09-24,9,2,0.28,Kanpur,Card
CUST11151,2024-01-13,42,1,0.04,Guwahati,COD
CUST11152,2025-06-14,29,3,0.11,Delhi,UPI
CUST11153,2025-08-23,49,3,0.06,Pune,UPI
CUST11154,2024-05-26,13,4,0.33,Kolkata,COD
CUST11155,2025-05-18,49,5,0.11,Bangalore,COD
CUST11156,2025-03-17,38,3,0.1,Indore,COD
CUST11157,2025-04-06,17,1,0.11,Lucknow,Prepaid
CUST11158,2024-09-22,16,0,0.01,Chandigarh,UPI
CUST11159,2024-03-22,11,1,0.14,Guwahati,COD
CUST11160,2025-05-04,26,1,0.04,Hyderabad,Prepaid
CUST11161,2024-04-09,5,0,0.04,Jaipur,COD
CUST11162,2024-12-11,25,5,0.23,Vadodara,UPI
CUST11163,2025-11-12,25,3,0.13,Coimbatore,Card
CUST11164,2025-04-12,26,1,0.05,Ranchi,UPI
CUST11165,2025-06-27,16,5,0.33,Delhi,COD
CUST11166,2025-06-11,31,9,0.31,Patna,COD
CUST11167,2024-02-16,25,3,0.15,Kolkata,Card
CUST11168,2024-12-22,43,2,0.07,Lucknow,UPI
CUST11169,2025-09-13,21,17,0.86,Indore,COD
CUST11170,2024-05-10,41,3,0.08,Ranchi,Prepaid
CUST11171,2024-06-21,40,4,0.1,Vadodara,Prepaid
CUST11172,2024-04-18,20,1,0.08,Delhi,Card
CUST11173,2024-08-13,25,3,0.14,Mysore,Card
CUST11174,2024-04-02,12,1,0.13,Patna,UPI
CUST11175,2025-01-21,29,16,0.58,Kolkata,Card
CUST11176,2024-09-22,35,7,0.23,Chandigarh,COD
CUST11177,2025-08-09,42,0,0.01,Raipur,UPI
CUST11178,2025-02-01,15,11,0.77,Hyderabad,UPI
CUST11179,2024-04-19,16,4,0.31,Nagpur,COD
CUST11180,2024-08-12,14,0,0.07,Mysore,UPI
CUST11181,2025-09-05,47,1,0.04,Ranchi,Card
CUST11182,2025-05-21,45,28,0.64,Nagpur,COD
CUST11183,2024-08-18,36,22,0.62,Hyderabad,COD
CUST11184,2024-11-02,16,2,0.13,Kochi,Card
CUST11185,2025-03-08,10,3,0.39,Bhopal,COD
CUST11186,2024-10-16,40,33,0.83,Chennai,COD
CUST11187,2025-08-17,30,3,0.13,Kolkata,Prepaid
CUST11188,2025-03-28,37,10,0.29,Kanpur,UPI
CUST11189,2025-01-05,16,6,0.4,Jaipur,Card
CUST11190,2025-11-26,14,1,0.12,Pune,Prepaid
CUST11191,2025-06-11,16,2,0.15,Raipur,Card
CUST11192,2024-09-03,30,0,0.02,Delhi,UPI
CUST11193,2025-04-19,32,10,0.34,Raipur,Card
CUST11194,2024-04-29,33,3,0.09,Delhi,COD
CUST11195,2024-10-07,37,3,0.1,Ahmedabad,Prepaid
CUST11196,2024-11-01,38,7,0.19,Kochi,Prepaid
CUST11197,2025-02-07,39,4,0.11,Mumbai,Card
CUST11198,2024-07-31,12,3,0.26,Lucknow,Prepaid
CUST11199,2024-11-17,16,1,0.09,Ahmedabad,COD
CUST11200,2024-02-05,15,0,0.03,Chennai,COD
CUST11201,2024-09-11,39,1,0.04,Mumbai,Card
CUST11202,2024-11-16,27,11,0.42,Patna,COD
CUST11203,2025-11-09,49,34,0.71,Lucknow,COD
CUST11204,2024-05-17,24,0,0.03,Chandigarh,Prepaid
CUST11205,2024-09-23,44,1,0.04,Indore,Prepaid
CUST11206,2025-07-02,21,0,0.01,Kanpur,COD
CUST11207,2025-03-05,20,4,0.2,Kanpur,UPI
CUST11208,2024-03-20,16,11,0.73,Chandigarh,COD
CUST11209,2025-01-06,31,3,0.1,Delhi,UPI
CUST11210,2024-08-15,22,2,0.12,Pune,Prepaid
CUST11211,2024-04-07,27,4,0.17,Patna,Card
CUST11212,2024-06-23,22,0,0.04,Jaipur,UPI
CUST11213,2025-05-03,48,5,0.12,Kochi,UPI
CUST11214,2025-01-22,14,1,0.08,Kanpur,UPI
CUST11215,2025-11-25,28,3,0.11,Nagpur,Card
CUST11216,2024-10-09,27,1,0.07,Mysore,Card
CUST11217,2024-11-08,17,9,0.57,Delhi,COD
CUST11218,2024-04-05,10,0,0.01,Hyderabad,COD
CUST11219,2025-03-10,40,4,0.11,Ranchi,Card
CUST11220,2025-02-19,48,3,0.07,Raipur,COD
CUST11221,2024-09-07,5,0,0.12,Bhopal,Card
CUST11222,2025-09-13,48,40,0.85,Jaipur,COD
CUST11223,2024-03-17,38,5,0.14,Guwahati,Prepaid
CUST11224,2025-01-17,32,4,0.14,Kanpur,UPI
CUST11225,2024-10-24,27,11,0.41,Raipur,COD
CUST11226,2024-11-08,45,1,0.03,Nagpur,Card
CUST11227,2024-02-28,34,4,0.13,Vadodara,Card
CUST11228,2025-02-15,11,0,0.04,Bangalore,Prepaid
CUST11229,2025-02-24,38,1,0.03,Kanpur,COD
CUST11230,2025-02-08,47,1,0.02,Ahmedabad,UPI
CUST11231,2025-11-03,22,0,0.03,Ahmedabad,Prepaid
CUST11232,2024-04-23,5,0,0.11,Hyderabad,COD
CUST11233,2025-11-13,26,1,0.06,Guwahati,COD
CUST11234,2025-07-17,22,2,0.1,Ahmedabad,Card
CUST11235,2024-05-14,33,7,0.21,Visakhapatnam,COD
CUST11236,2025-12-01,14,0,0.0,Mumbai,COD
CUST11237,2024-10-15,8,1,0.22,Indore,COD
CUST11238,2024-09-12,17,3,0.2,Kanpur,COD
CUST11239,2024-07-22,49,1,0.04,Pune,Prepaid
CUST11240,2024-08-22,19,4,0.25,Bangalore,COD
CUST11241,2024-01-19,17,0,0.04,Kochi,Prepaid
CUST11242,2024-08-15,26,11,0.45,Hyderabad,COD
CUST11243,2024-10-02,46,3,0.08,Delhi,UPI
CUST11244,2024-02-23,11,2,0.2,Mumbai,UPI
CUST11245,2024-09-15,43,3,0.07,Bangalore,UPI
CUST11246,2024-12-05,47,0,0.02,Bangalore,UPI
CUST11247,2024-08-03,31,8,0.27,Chennai,Prepaid
CUST11248,2024-07-16,29,11,0.38,Hyderabad,Prepaid
CUST11249,2024-07-25,26,2,0.08,Ahmedabad,Prepaid
CUST11250,2025-01-09,40,1,0.03,Bhopal,Card
CUST11251,2024-06-19,35,2,0.07,Jaipur,Card
CUST11252,2025-02-11,18,12,0.69,Chandigarh,COD
CUST11253,2025-07-29,9,0,0.08,Pune,UPI
CUST11254,2025-08-29,8,1,0.19,Hyderabad,Card
CUST11255,2024-10-30,38,4,0.11,Hyderabad,Card
CUST11256,2025-10-16,39,1,0.03,Mumbai,COD
CUST11257,2025-10-19,18,10,0.58,Ranchi,Prepaid
CUST11258,2024-11-28,27,0,0.0,Bhopal,COD
CUST11259,2024-11-28,16,4,0.26,Indore,Card
CUST11260,2024-06-29,22,6,0.31,Indore,COD
CUST11261,2025-10-31,42,4,0.1,Pune,COD
CUST11262,2024-11-28,21,5,0.27,Chandigarh,COD
CUST11263,2025-03-20,30,3,0.12,Hyderabad,UPI
CUST11264,2024-07-12,16,0,0.03,Guwahati,Card
CUST11265,2025-02-07,24,1,0.04,Bangalore,Prepaid
CUST11266,2024-04-12,20,0,0.01,Visakhapatnam,Prepaid
CUST11267,2024-04-22,14,4,0.31,Mumbai,Card
CUST11268,2024-01-10,12,4,0.38,Mumbai,Prepaid
CUST11269,2025-05-06,50,6,0.12,Bangalore,UPI
CUST11270,2025-07-10,38,8,0.21,Mumbai,Card
CUST11271,2024-04-15,7,0,0.0,Chennai,UPI
CUST11272,2024-05-30,6,0,0.14,Pune,UPI
CUST11273,2025-05-18,29,3,0.13,Lucknow,COD
CUST11274,2024-05-01,23,0,0.02,Kolkata,Prepaid
CUST11275,2025-09-06,15,7,0.5,Bhopal,COD
CUST11276,2024-12-22,48,6,0.13,Chennai,UPI
CUST11277,2024-01-03,18,9,0.52,Raipur,Prepaid
CUST11278,2024-03-09,17,3,0.18,Ahmedabad,COD
CUST11279,2024-07-05,14,1,0.11,Bangalore,UPI
CUST11280,2024-05-21,49,3,0.06,Coimbatore,Card
CUST11281,2025-06-29,27,12,0.45,Patna,COD
CUST11282,2024-03-30,50,0,0.01,Nagpur,COD
CUST11283,2024-05-16,6,0,0.15,Ahmedabad,Prepaid
CUST11284,2025-07-18,14,6,0.44,Bangalore,UPI
CUST11285,2024-05-26,8,0,0.12,Lucknow,Prepaid
CUST11286,2025-05-03,11,2,0.23,Lucknow,Prepaid
CUST11287,2025-08-05,10,0,0.05,Mumbai,UPI
CUST11288,2025-04-26,13,0,0.03,Indore,UPI
CUST11289,2024-03-02,5,0,0.1,Bangalore,Prepaid
CUST11290,2025-11-27,18,3,0.18,Pune,UPI
CUST11291,2025-03-09,41,5,0.12,Nagpur,UPI
CUST11292,2025-09-25,23,17,0.76,Visakhapatnam,COD
CUST11293,2025-04-24,40,4,0.12,Lucknow,Card
CUST11294,2025-10-24,18,5,0.32,Kolkata,COD
CUST11295,2024-01-29,28,0,0.02,Bhopal,COD
CUST11296,2024-07-11,18,0,0.02,Indore,Card
CUST11297,2025-07-31,12,4,0.41,Ranchi,UPI
CUST11298,2024-10-16,24,1,0.05,Kolkata,Card
CUST11299,2024-12-05,27,3,0.11,Raipur,Card
CUST11300,2025-05-03,14,1,0.08,Pune,Prepaid
CUST11301,2024-08-25,34,0,0.02,Delhi,Card
CUST11302,2025-04-03,18,5,0.3,Coimbatore,UPI
CUST11303,2024-09-01,32,2,0.09,Pune,COD
CUST11304,2024-04-09,17,2,0.16,Patna,Prepaid
CUST11305,2024-11-17,13,2,0.21,Patna,COD
CUST11306,2024-03-13,41,0,0.01,Delhi,COD
CUST11307,2025-10-27,38,7,0.2,Vadodara,Prepaid
CUST11308,2025-02-22,38,28,0.75,Kochi,Card
CUST11309,2024-03-26,44,2,0.06,Coimbatore,Card
CUST11310,2024-09-07,48,6,0.13,Mumbai,Card
CUST11311,2024-03-15,23,2,0.13,Pune,COD
CUST11312,2024-04-21,21,10,0.52,Patna,COD
CUST11313,2025-02-15,33,11,0.33,Chandigarh,COD
CUST11314,2024-04-27,36,5,0.15,Ahmedabad,COD
CUST11315,2024-11-23,35,0,0.02,Hyderabad,Card
CUST11316,2024-08-06,31,5,0.16,Vadodara,COD
CUST11317,2024-03-26,23,13,0.59,Bangalore,COD
CUST11318,2025-06-21,50,0,0.01,Visakhapatnam,COD
CUST11319,2024-12-16,11,4,0.4,Pune,UPI
CUST11320,2025-03-23,31,1,0.05,Kanpur,Card
CUST11321,2024-03-20,40,4,0.12,Chandigarh,Card
CUST11322,2024-05-31,28,6,0.21,Ahmedabad,COD
CUST11323,2025-04-06,48,5,0.12,Jaipur,Prepaid
CUST11324,2025-03-06,14,3,0.28,Hyderabad,Prepaid
CUST11325,2025-01-14,21,4,0.19,Ranchi,Prepaid
CUST11326,2025-02-27,12,0,0.05,Patna,UPI
CUST11327,2025-04-14,29,6,0.24,Bangalore,COD
CUST11328,2025-11-06,39,3,0.09,Indore,UPI
CUST11329,2024-04-01,14,4,0.29,Raipur,Card
CUST11330,2025-10-10,29,10,0.38,Raipur,COD
CUST11331,2024-08-16,23,0,0.0,Chandigarh,Card
CUST11332,2025-04-20,35,1,0.03,Coimbatore,Card
CUST11333,2025-06-03,8,2,0.3,Chandigarh,COD
CUST11334,2025-02-28,23,9,0.42,Jaipur,COD
CUST11335,2024-12-09,38,4,0.12,Coimbatore,COD
CUST11336,2025-09-23,40,2,0.06,Chandigarh,Prepaid
CUST11337,2024-06-26,16,4,0.27,Kochi,COD
CUST11338,2025-05-31,19,0,0.02,Bangalore,COD
CUST11339,2024-11-26,45,2,0.06,Guwahati,COD
CUST11340,2024-01-29,45,2,0.07,Guwahati,Card
CUST11341,2025-04-09,22,8,0.37,Bangalore,COD
CUST11342,2025-01-22,22,4,0.19,Hyderabad,Card
CUST11343,2024-04-23,14,0,0.01,Lucknow,Card
CUST11344,2024-03-20,21,0,0.02,Raipur,UPI
CUST11345,2025-02-27,13,5,0.4,Jaipur,COD
CUST11346,2025-10-10,41,25,0.62,Kolkata,Prepaid
CUST11347,2024-04-30,16,0,0.0,Jaipur,UPI
CUST11348,2024-05-04,39,3,0.09,Chennai,COD
CUST11349,2025-01-08,37,0,0.0,Chandigarh,COD
CUST11350,2024-10-01,19,0,0.05,Bangalore,COD
CUST11351,2025-04-23,50,0,0.01,Indore,UPI
CUST11352,2024-10-14,17,2,0.14,Hyderabad,Prepaid
CUST11353,2025-05-14,24,2,0.11,Hyderabad,UPI
CUST11354,2025-03-15,25,2,0.11,Visakhapatnam,COD
CUST11355,2025-06-07,9,1,0.13,Jaipur,COD
CUST11356,2025-02-11,46,4,0.09,Coimbatore,COD
CUST11357,2024-08-08,16,0,0.05,Delhi,UPI
CUST11358,2024-12-02,5,0,0.05,Mumbai,COD
CUST11359,2024-10-17,19,0,0.05,Visakhapatnam,Card
CUST11360,2025-08-10,50,4,0.08,Lucknow,UPI
CUST11361,2025-05-20,28,6,0.24,Mumbai,COD
CUST11362,2025-08-28,22,15,0.73,Bhopal,COD
CUST11363,2025-04-17,46,1,0.04,Ranchi,COD
CUST11364,2024-03-12,10,2,0.23,Mumbai,COD
CUST11365,2025-02-13,27,6,0.23,Kolkata,COD
CUST11366,2025-05-20,11,2,0.25,Ahmedabad,Prepaid
CUST11367,2024-01-11,14,4,0.34,Mumbai,COD
CUST11368,2024-07-14,42,36,0.86,Delhi,COD
CUST11369,2024-09-22,8,2,0.31,Ranchi,Prepaid
CUST11370,2024-10-03,9,1,0.14,Pune,Prepaid
CUST11371,2025-10-14,25,0,0.02,Kochi,Prepaid
CUST11372,2024-11-25,35,1,0.04,Indore,UPI
CUST11373,2025-07-25,23,0,0.04,Bhopal,Prepaid
CUST11374,2025-05-21,21,6,0.3,Lucknow,COD
CUST11375,2024-12-14,29,0,0.03,Delhi,COD
CUST11376,2025-04-09,25,1,0.08,Mysore,Card
CUST11377,2025-09-27,28,0,0.02,Ahmedabad,UPI
CUST11378,2024-05-30,15,0,0.04,Lucknow,Prepaid
CUST11379,2025-05-02,37,7,0.2,Mumbai,UPI
CUST11380,2024-08-05,40,0,0.02,Pune,COD
CUST11381,2024-04-10,8,0,0.08,Bhopal,COD
CUST11382,2024-06-29,17,2,0.14,Pune,Card
CUST11383,2024-04-23,14,3,0.25,Nagpur,COD
CUST11384,2024-10-09,22,0,0.01,Delhi,COD
CUST11385,2024-10-01,33,9,0.29,Hyderabad,COD
CUST11386,2024-01-04,45,1,0.03,Chennai,COD
CUST11387,2024-06-23,35,3,0.11,Nagpur,Prepaid
CUST11388,2025-11-13,34,1,0.05,Mumbai,UPI
CUST11389,2025-08-31,9,1,0.15,Mumbai,UPI
CUST11390,2024-01-18,20,1,0.07,Jaipur,UPI
CUST11391,2024-04-12,18,4,0.26,Raipur,COD
CUST11392,2025-11-10,30,7,0.24,Mysore,COD
CUST11393,2025-06-14,27,0,0.0,Kolkata,Card
CUST11394,2024-05-31,38,1,0.04,Jaipur,Prepaid
CUST11395,2025-01-03,39,6,0.18,Pune,COD
CUST11396,2025-10-03,29,4,0.14,Indore,UPI
CUST11397,2024-12-05,26,22,0.86,Kolkata,COD
CUST11398,2025-09-19,24,3,0.15,Kolkata,COD
CUST11399,2025-05-25,30,7,0.26,Mumbai,Prepaid
CUST11400,2024-11-06,23,0,0.02,Kanpur,Prepaid
CUST11401,2024-02-24,10,1,0.15,Delhi,COD
CUST11402,2024-12-24,5,0,0.05,Bangalore,Card
CUST11403,2024-05-26,17,5,0.3,Mysore,Prepaid
CUST11404,2024-12-29,23,3,0.14,Ahmedabad,COD
CUST11405,2024-09-24,33,7,0.23,Raipur,Card
CUST11406,2025-11-30,48,4,0.08,Guwahati,UPI
CUST11407,2025-08-03,24,1,0.08,Chennai,UPI
CUST11408,2024-11-16,32,1,0.06,Ahmedabad,Card
CUST11409,2025-04-17,35,8,0.24,Visakhapatnam,COD
CUST11410,2025-09-21,31,4,0.14,Bangalore,Prepaid
CUST11411,2024-02-24,44,2,0.06,Indore,UPI
CUST11412,2024-02-25,34,3,0.1,Vadodara,COD
CUST11413,2024-10-24,11,1,0.15,Delhi,Card
CUST11414,2024-07-28,42,0,0.01,Jaipur,Card
CUST11415,2024-11-04,22,5,0.25,Guwahati,Card
CUST11416,2024-04-27,46,27,0.6,Nagpur,COD
CUST11417,2024-04-16,38,5,0.13,Hyderabad,Card
CUST11418,2024-07-07,12,0,0.01,Ahmedabad,Card
CUST11419,2025-03-18,33,3,0.09,Raipur,COD
CUST11420,2025-05-02,47,0,0.02,Hyderabad,UPI
CUST11421,2025-02-04,39,13,0.34,Chennai,COD
CUST11422,2025-04-13,35,8,0.24,Chennai,COD
CUST11423,2024-02-13,7,0,0.09,Patna,UPI
CUST11424,2025-01-01,44,32,0.74,Bangalore,COD
CUST11425,2024-06-27,26,10,0.4,Delhi,COD
CUST11426,2024-10-12,26,2,0.11,Kanpur,Card
CUST11427,2025-09-12,46,2,0.06,Patna,Card
CUST11428,2025-08-25,24,6,0.25,Kolkata,UPI
CUST11429,2024-08-25,9,1,0.12,Bangalore,COD
CUST11430,2024-08-30,35,4,0.14,Hyderabad,COD
CUST11431,2024-03-06,22,11,0.53,Kochi,COD
CUST11432,2025-09-13,9,0,0.01,Bhopal,Prepaid
CUST11433,2024-07-19,24,10,0.43,Hyderabad,COD
CUST11434,2025-06-25,17,0,0.04,Visakhapatnam,Prepaid
CUST11435,2024-05-23,47,0,0.0,Mumbai,UPI
CUST11436,2024-07-13,12,3,0.26,Ahmedabad,Card
CUST11437,2024-03-09,30,7,0.25,Kanpur,COD
CUST11438,2024-04-13,13,4,0.32,Chennai,COD
CUST11439,2024-09-14,26,2,0.09,Chennai,UPI
CUST11440,2025-06-14,23,3,0.13,Hyderabad,Card
CUST11441,2025-08-19,39,3,0.09,Lucknow,UPI
CUST11442,2024-03-01,34,5,0.16,Kolkata,COD
CUST11443,2024-08-29,47,5,0.11,Ranchi,Card
CUST11444,2025-03-02,11,5,0.53,Delhi,COD
CUST11445,2024-02-12,38,6,0.17,Mysore,COD
CUST11446,2024-08-21,27,0,0.03,Indore,COD
CUST11447,2025-11-29,17,1,0.12,Visakhapatnam,Prepaid
CUST11448,2025-03-13,29,0,0.01,Visakhapatnam,Prepaid
CUST11449,2025-03-23,28,3,0.13,Kolkata,Prepaid
CUST11450,2024-01-16,19,1,0.09,Jaipur,Prepaid
CUST11451,2024-02-14,16,2,0.17,Indore,COD
CUST11452,2025-05-05,26,8,0.33,Pune,Card
CUST11453,2024-08-13,39,1,0.04,Kolkata,UPI
CUST11454,2025-06-23,19,10,0.55,Chandigarh,UPI
CUST11455,2025-09-28,11,2,0.25,Pune,COD
CUST11456,2024-05-05,38,5,0.14,Hyderabad,Prepaid
CUST11457,2024-04-26,33,1,0.04,Patna,COD
CUST11458,2024-03-02,32,6,0.2,Delhi,COD
CUST11459,2024-08-17,32,7,0.25,Mumbai,COD
CUST11460,2025-07-08,8,0,0.06,Jaipur,Prepaid
CUST11461,2025-08-28,20,10,0.54,Mysore,COD
CUST11462,2024-02-28,44,4,0.11,Visakhapatnam,Card
CUST11463,2025-03-10,48,5,0.11,Ahmedabad,Card
CUST11464,2024-05-15,32,6,0.2,Nagpur,UPI
CUST11465,2024-12-11,13,4,0.34,Mysore,Prepaid
CUST11466,2024-05-07,24,5,0.22,Ranchi,COD
CUST11467,2025-03-26,19,6,0.32,Jaipur,COD
CUST11468,2025-02-22,45,2,0.05,Chandigarh,COD
CUST11469,2025-03-27,29,12,0.42,Lucknow,COD
CUST11470,2024-05-30,39,8,0.21,Bangalore,Card
CUST11471,2025-08-16,7,0,0.02,Ahmedabad,Card
CUST11472,2025-11-25,24,3,0.16,Ranchi,UPI
CUST11473,2025-06-03,20,0,0.01,Delhi,Card
CUST11474,2024-03-14,41,1,0.03,Pune,UPI
CUST11475,2025-10-29,28,1,0.05,Pune,UPI
CUST11476,2025-08-28,10,1,0.18,Bangalore,COD
CUST11477,2024-08-08,40,12,0.31,Bhopal,COD
CUST11478,2024-03-20,14,1,0.1,Delhi,Prepaid
CUST11479,2025-07-05,45,6,0.15,Visakhapatnam,Card
CUST11480,2025-08-12,36,9,0.27,Hyderabad,COD
CUST11481,2024-04-28,28,1,0.04,Kolkata,UPI
CUST11482,2025-01-05,31,10,0.33,Delhi,Card
CUST11483,2025-07-04,19,2,0.12,Kanpur,COD
CUST11484,2024-12-15,14,7,0.52,Indore,COD
CUST11485,2024-07-03,14,0,0.06,Nagpur,Prepaid
CUST11486,2024-04-13,40,2,0.06,Patna,COD
CUST11487,2024-05-15,49,3,0.06,Delhi,Card
CUST11488,2024-10-27,21,12,0.58,Hyderabad,COD
CUST11489,2024-02-16,28,16,0.57,Lucknow,COD
CUST11490,2024-10-23,23,13,0.59,Visakhapatnam,Card
CUST11491,2024-06-04,42,1,0.03,Raipur,Card
CUST11492,2024-06-29,34,3,0.1,Ahmedabad,Card
CUST11493,2024-02-19,19,2,0.12,Kolkata,Card
CUST11494,2024-11-22,32,4,0.13,Pune,Prepaid
CUST11495,2025-08-11,18,2,0.14,Indore,UPI
CUST11496,2025-03-25,12,0,0.04,Ahmedabad,COD
CUST11497,2024-08-25,21,2,0.14,Raipur,Prepaid
CUST11498,2025-09-04,37,3,0.08,Ranchi,Card
CUST11499,2025-01-13,36,1,0.03,Ranchi,COD
CUST11500,2024-10-29,24,11,0.49,Patna,Card
CUST11501,2024-09-26,36,11,0.32,Vadodara,COD
CUST11502,2024-03-21,47,1,0.04,Kolkata,Prepaid
CUST11503,2025-10-07,40,8,0.22,Ahmedabad,Card
CUST11504,2025-03-19,28,8,0.29,Ranchi,COD
CUST11505,2025-10-11,20,5,0.25,Ranchi,Prepaid
CUST11506,2025-04-26,19,1,0.06,Indore,COD
CUST11507,2025-06-12,26,7,0.3,Delhi,Card
CUST11508,2024-07-01,36,2,0.07,Nagpur,COD
CUST11509,2025-06-27,23,6,0.27,Patna,Prepaid
CUST11510,2025-10-07,19,10,0.56,Patna,COD
CUST11511,2025-03-05,11,0,0.07,Chennai,UPI
CUST11512,2025-11-07,16,1,0.06,Bhopal,COD
CUST11513,2025-09-07,38,11,0.29,Vadodara,COD
CUST11514,2024-03-03,37,1,0.04,Pune,UPI
CUST11515,2025-02-12,30,1,0.05,Kochi,COD
CUST11516,2024-11-11,19,1,0.07,Mumbai,Prepaid
CUST11517,2025-09-20,18,0,0.02,Raipur,Prepaid
CUST11518,2024-12-07,9,1,0.15,Raipur,Card
CUST11519,2024-06-09,18,0,0.01,Hyderabad,UPI
CUST11520,2025-02-27,15,6,0.41,Coimbatore,COD
CUST11521,2025-05-28,10,3,0.34,Raipur,COD
CUST11522,2024-02-04,24,0,0.02,Hyderabad,COD
CUST11523,2024-03-27,46,5,0.12,Indore,COD
CUST11524,2024-04-07,31,3,0.11,Bangalore,UPI
CUST11525,2025-06-08,24,2,0.09,Kochi,UPI
CUST11526,2025-01-20,21,0,0.03,Vadodara,COD
CUST11527,2025-06-30,40,5,0.15,Chennai,UPI
CUST11528,2025-04-08,30,2,0.07,Raipur,COD
CUST11529,2025-07-30,29,20,0.72,Patna,COD
CUST11530,2025-07-28,45,0,0.02,Raipur,COD
CUST11531,2025-09-23,17,8,0.47,Pune,Card
CUST11532,2024-09-15,22,5,0.26,Ahmedabad,COD
CUST11533,2024-01-06,10,3,0.32,Pune,COD
CUST11534,2025-10-29,36,3,0.08,Bhopal,COD
CUST11535,2024-04-17,40,2,0.07,Raipur,Prepaid
CUST11536,2024-06-19,15,1,0.11,Lucknow,COD
CUST11537,2024-05-23,23,8,0.38,Patna,Card
CUST11538,2025-11-23,12,0,0.0,Indore,COD
CUST11539,2024-10-24,41,5,0.13,Kanpur,Prepaid
CUST11540,2025-04-28,31,10,0.34,Indore,COD
CUST11541,2024-01-11,14,8,0.58,Ahmedabad,COD
CUST11542,2024-07-23,5,0,0.07,Hyderabad,Card
CUST11543,2024-03-09,44,0,0.01,Kanpur,Card
CUST11544,2024-10-18,10,4,0.44,Mysore,UPI
CUST11545,2025-07-28,44,2,0.05,Mysore,Card
CUST11546,2024-07-01,11,0,0.09,Indore,COD
CUST11547,2024-12-04,42,5,0.12,Visakhapatnam,Card
CUST11548,2024-08-25,38,13,0.34,Mumbai,Prepaid
CUST11549,2024-11-27,14,7,0.5,Mumbai,COD
CUST11550,2024-11-30,43,27,0.64,Patna,COD
CUST11551,2025-04-30,33,6,0.2,Pune,COD
CUST11552,2024-06-19,13,2,0.21,Chandigarh,UPI
CUST11553,2024-05-03,36,11,0.32,Indore,UPI
CUST11554,2025-03-10,31,5,0.19,Coimbatore,COD
CUST11555,2024-01-11,17,2,0.15,Bangalore,COD
CUST11556,2025-01-12,42,1,0.03,Delhi,Card
CUST11557,2025-02-11,11,5,0.5,Patna,COD
CUST11558,2025-04-27,11,2,0.2,Ranchi,Card
CUST11559,2024-02-09,46,1,0.03,Raipur,Card
CUST11560,2024-03-25,15,5,0.39,Guwahati,COD
CUST11561,2024-07-17,11,1,0.16,Chennai,Card
CUST11562,2025-08-23,25,3,0.13,Guwahati,UPI
CUST11563,2024-03-07,30,4,0.14,Jaipur,COD
CUST11564,2024-02-15,25,4,0.18,Ahmedabad,COD
CUST11565,2024-11-14,16,1,0.08,Jaipur,COD
CUST11566,2025-08-02,41,2,0.05,Raipur,Prepaid
CUST11567,2024-06-22,10,0,0.01,Mumbai,Prepaid
CUST11568,2024-05-15,23,5,0.24,Hyderabad,COD
CUST11569,2025-02-27,22,0,0.04,Kolkata,COD
CUST11570,2025-03-26,16,2,0.13,Mysore,COD
CUST11571,2025-10-08,27,2,0.09,Vadodara,Prepaid
CUST11572,2025-03-20,29,3,0.13,Hyderabad,Card
CUST11573,2024-04-02,40,7,0.19,Indore,Prepaid
CUST11574,2025-05-01,7,0,0.07,Guwahati,COD
CUST11575,2024-11-26,29,1,0.06,Jaipur,Card
CUST11576,2024-12-10,15,2,0.14,Bhopal,Prepaid
CUST11577,2024-01-23,15,0,0.05,Kanpur,Card
CUST11578,2024-09-06,32,2,0.09,Patna,COD
CUST11579,2024-08-27,48,2,0.05,Jaipur,Card
CUST11580,2025-08-30,22,1,0.06,Kochi,COD
CUST11581,2025-08-04,43,5,0.14,Chandigarh,Prepaid
CUST11582,2024-05-24,11,3,0.31,Mysore,UPI
CUST11583,2024-11-04,47,3,0.07,Bangalore,Prepaid
CUST11584,2025-07-22,10,0,0.03,Kanpur,UPI
CUST11585,2024-08-05,11,0,0.02,Visakhapatnam,Card
CUST11586,2025-01-31,20,1,0.07,Raipur,COD
CUST11587,2025-09-03,28,4,0.18,Kochi,COD
CUST11588,2024-08-28,42,3,0.07,Bangalore,UPI
CUST11589,2025-10-23,43,0,0.0,Raipur,COD
CUST11590,2025-01-28,24,0,0.01,Bhopal,UPI
CUST11591,2024-09-24,48,2,0.05,Ranchi,UPI
CUST11592,2024-03-25,38,2,0.06,Vadodara,Card
CUST11593,2025-08-11,5,0,0.13,Bangalore,Card
CUST11594,2024-11-06,47,3,0.07,Jaipur,Card
CUST11595,2024-12-09,36,9,0.27,Patna,UPI
CUST11596,2025-11-21,32,0,0.03,Visakhapatnam,COD
CUST11597,2025-06-11,50,7,0.14,Nagpur,Card
CUST11598,2025-05-16,24,11,0.46,Delhi,COD
CUST11599,2025-11-22,28,2,0.09,Kolkata,COD
CUST11600,2024-01-18,19,4,0.26,Pune,COD
CUST11601,2025-06-28,12,0,0.01,Mumbai,Prepaid
CUST11602,2025-03-17,13,1,0.08,Patna,UPI
CUST11603,2024-02-11,30,24,0.81,Vadodara,COD
CUST11604,2025-01-26,45,0,0.02,Raipur,Card
CUST11605,2024-07-07,24,3,0.14,Jaipur,UPI
CUST11606,2024-04-29,13,3,0.3,Kochi,Card
CUST11607,2024-02-20,37,1,0.05,Nagpur,UPI
CUST11608,2024-10-10,22,3,0.14,Kanpur,Prepaid
CUST11609,2024-07-31,26,8,0.33,Pune,COD
CUST11610,2024-04-09,22,0,0.02,Bhopal,COD
CUST11611,2025-08-25,9,0,0.05,Patna,Card
CUST11612,2024-11-23,40,2,0.06,Kolkata,UPI
CUST11613,2025-11-20,36,4,0.13,Bangalore,UPI
CUST11614,2024-03-26,10,1,0.13,Bhopal,COD
CUST11615,2025-11-21,33,23,0.71,Vadodara,COD
CUST11616,2025-03-01,44,3,0.09,Pune,Prepaid
CUST11617,2025-07-04,39,8,0.21,Kochi,COD
CUST11618,2024-04-23,14,4,0.32,Hyderabad,Prepaid
CUST11619,2024-08-10,22,11,0.54,Bhopal,COD
CUST11620,2025-05-29,28,1,0.05,Bhopal,UPI
CUST11621,2024-06-09,34,2,0.06,Ahmedabad,Prepaid
CUST11622,2025-11-30,26,0,0.0,Guwahati,UPI
CUST11623,2025-09-25,31,1,0.06,Jaipur,COD
CUST11624,2024-01-24,13,3,0.25,Visakhapatnam,COD
CUST11625,2024-01-24,35,2,0.09,Bhopal,Card
CUST11626,2025-04-13,17,1,0.08,Guwahati,Prepaid
CUST11627,2024-03-07,17,2,0.14,Chennai,Prepaid
CUST11628,2024-06-30,48,3,0.07,Nagpur,Card
CUST11629,2024-09-07,29,9,0.31,Guwahati,COD
CUST11630,2025-06-16,17,10,0.6,Visakhapatnam,UPI
CUST11631,2025-09-13,21,1,0.06,Raipur,Card
CUST11632,2024-02-10,11,2,0.24,Pune,COD
CUST11633,2024-04-16,36,9,0.25,Lucknow,COD
CUST11634,2025-02-26,12,1,0.12,Bhopal,Prepaid
CUST11635,2025-10-19,16,8,0.55,Kolkata,COD
CUST11636,2024-10-29,20,2,0.11,Coimbatore,UPI
CUST11637,2024-05-31,25,7,0.29,Kanpur,Prepaid
CUST11638,2024-06-11,28,1,0.06,Indore,UPI
CUST11639,2024-05-30,23,1,0.07,Bangalore,UPI
CUST11640,2025-08-21,18,0,0.03,Kanpur,COD
CUST11641,2024-12-18,38,2,0.08,Kanpur,Card
CUST11642,2025-10-25,21,9,0.43,Ahmedabad,COD
CUST11643,2024-12-16,29,0,0.03,Delhi,COD
CUST11644,2025-10-27,43,0,0.02,Raipur,COD
CUST11645,2024-07-26,45,3,0.09,Chandigarh,Prepaid
CUST11646,2025-07-20,26,0,0.01,Indore,Card
CUST11647,2024-09-07,8,0,0.01,Nagpur,COD
CUST11648,2024-06-30,23,6,0.29,Ahmedabad,COD
CUST11649,2024-05-15,13,3,0.26,Lucknow,Prepaid
CUST11650,2025-07-03,42,1,0.04,Lucknow,Prepaid
CUST11651,2024-03-26,17,1,0.1,Patna,Prepaid
CUST11652,2025-08-18,36,1,0.03,Mumbai,Prepaid
CUST11653,2024-01-01,20,4,0.24,Patna,COD
CUST11654,2025-06-10,45,1,0.04,Ahmedabad,COD
CUST11655,2025-10-02,23,4,0.2,Chennai,COD
CUST11656,2025-05-22,46,40,0.88,Ahmedabad,COD
CUST11657,2024-12-16,24,1,0.06,Ahmedabad,Card
CUST11658,2024-11-10,14,2,0.19,Chandigarh,UPI
CUST11659,2025-08-07,27,6,0.24,Chandigarh,UPI
CUST11660,2024-11-29,15,1,0.11,Guwahati,UPI
CUST11661,2025-04-28,25,7,0.31,Chennai,UPI
CUST11662,2025-04-05,27,1,0.05,Coimbatore,Card
CUST11663,2024-12-28,30,1,0.06,Pune,Prepaid
CUST11664,2024-08-01,16,13,0.83,Chandigarh,COD
CUST11665,2024-11-29,6,0,0.12,Pune,Card
CUST11666,2024-04-19,37,1,0.03,Indore,COD
CUST11667,2025-11-06,42,4,0.11,Jaipur,Card
CUST11668,2024-04-13,43,1,0.04,Jaipur,COD
CUST11669,2025-04-28,33,2,0.08,Raipur,COD
CUST11670,2025-08-26,34,7,0.21,Guwahati,COD
CUST11671,2025-07-24,20,0,0.01,Chennai,UPI
CUST11672,2025-01-04,12,2,0.18,Coimbatore,UPI
CUST11673,2025-01-05,28,5,0.19,Patna,COD
CUST11674,2024-05-23,24,6,0.29,Jaipur,COD
CUST11675,2025-06-08,36,2,0.06,Ranchi,Card
CUST11676,2025-07-05,37,0,0.0,Coimbatore,Card
CUST11677,2025-06-28,9,0,0.01,Lucknow,COD
CUST11678,2024-03-15,41,5,0.13,Chandigarh,UPI
CUST11679,2024-07-05,17,4,0.24,Lucknow,UPI
CUST11680,2025-08-11,32,3,0.12,Kochi,COD
CUST11681,2024-06-03,8,1,0.23,Pune,COD
CUST11682,2025-08-11,25,2,0.1,Nagpur,Card
CUST11683,2024-04-13,14,5,0.39,Bangalore,COD
CUST11684,2024-12-01,16,5,0.32,Lucknow,Prepaid
CUST11685,2024-08-26,18,3,0.19,Indore,Prepaid
CUST11686,2024-01-27,36,5,0.16,Pune,COD
CUST11687,2025-02-12,32,9,0.3,Ahmedabad,COD
CUST11688,2025-06-02,15,4,0.27,Bangalore,Card
CUST11689,2025-09-11,18,0,0.02,Ahmedabad,UPI
CUST11690,2025-05-04,10,0,0.03,Coimbatore,COD
CUST11691,2025-02-13,5,0,0.07,Pune,Prepaid
CUST11692,2024-08-22,9,1,0.14,Indore,Prepaid
CUST11693,2025-10-24,38,11,0.31,Chennai,Prepaid
CUST11694,2024-05-23,41,1,0.04,Bangalore,Prepaid
CUST11695,2024-06-10,47,5,0.12,Pune,Prepaid
CUST11696,2024-06-15,15,8,0.59,Delhi,COD
CUST11697,2025-09-28,28,1,0.06,Mysore,Prepaid
CUST11698,2025-02-21,7,0,0.13,Kanpur,COD
CUST11699,2024-01-16,38,3,0.09,Delhi,Prepaid
CUST11700,2025-03-01,12,1,0.15,Vadodara,Card
CUST11701,2025-04-25,45,5,0.13,Ahmedabad,UPI
CUST11702,2025-05-04,28,2,0.1,Raipur,Card
CUST11703,2024-08-18,13,0,0.03,Guwahati,Card
CUST11704,2024-09-13,44,2,0.06,Hyderabad,COD
CUST11705,2024-05-14,37,7,0.22,Indore,COD
CUST11706,2025-10-09,7,0,0.02,Visakhapatnam,COD
CUST11707,2024-06-14,14,0,0.03,Nagpur,Prepaid
CUST11708,2025-04-07,27,1,0.07,Pune,UPI
CUST11709,2024-12-11,15,3,0.26,Bhopal,Prepaid
CUST11710,2025-11-10,36,4,0.12,Vadodara,COD
CUST11711,2025-03-12,18,9,0.54,Kolkata,COD
CUST11712,2024-05-03,29,18,0.64,Raipur,COD
CUST11713,2025-05-31,24,3,0.13,Lucknow,COD
CUST11714,2024-01-18,40,13,0.33,Hyderabad,COD
CUST11715,2025-06-29,17,4,0.26,Jaipur,COD
CUST11716,2024-04-12,38,5,0.14,Bangalore,Card
CUST11717,2024-07-26,17,4,0.27,Visakhapatnam,COD
CUST11718,2025-05-02,33,29,0.88,Pune,COD
CUST11719,2024-08-01,5,0,0.14,Chennai,Card
CUST11720,2024-06-13,31,0,0.01,Ahmedabad,Prepaid
CUST11721,2024-09-11,31,0,0.02,Hyderabad,Prepaid
CUST11722,2025-08-22,13,1,0.14,Raipur,Prepaid
CUST11723,2025-10-14,22,0,0.02,Ranchi,COD
CUST11724,2025-11-07,45,0,0.02,Nagpur,Prepaid
CUST11725,2024-10-05,14,1,0.09,Kolkata,Prepaid
CUST11726,2025-08-22,12,1,0.13,Visakhapatnam,COD
CUST11727,2025-06-19,39,12,0.32,Chandigarh,COD
CUST11728,2025-03-18,38,29,0.78,Ahmedabad,COD
CUST11729,2024-09-14,25,8,0.32,Mysore,UPI
CUST11730,2025-05-12,27,3,0.13,Delhi,COD
CUST11731,2025-07-28,47,4,0.09,Ahmedabad,Card
CUST11732,2025-08-27,47,3,0.08,Delhi,Card
CUST11733,2025-01-04,22,16,0.77,Chandigarh,COD
CUST11734,2024-12-21,33,8,0.27,Jaipur,UPI
CUST11735,2025-10-05,26,12,0.49,Pune,UPI
CUST11736,2024-04-11,19,2,0.16,Kolkata,COD
CUST11737,2025-01-02,34,0,0.0,Mysore,UPI
CUST11738,2024-11-28,22,3,0.14,Jaipur,Card
CUST11739,2025-02-14,18,2,0.12,Bhopal,Prepaid
CUST11740,2024-11-20,29,9,0.32,Hyderabad,Prepaid
CUST11741,2025-10-16,22,8,0.37,Ahmedabad,COD
CUST11742,2025-03-24,50,1,0.04,Bhopal,Prepaid
CUST11743,2025-06-02,22,15,0.7,Chennai,COD
CUST11744,2024-07-22,39,4,0.11,Delhi,COD
CUST11745,2024-12-14,33,10,0.33,Guwahati,UPI
CUST11746,2024-11-27,23,1,0.06,Lucknow,UPI
CUST11747,2024-01-27,17,3,0.2,Indore,COD
CUST11748,2025-10-25,23,7,0.35,Vadodara,Prepaid
CUST11749,2025-03-25,6,0,0.04,Vadodara,Card
CUST11750,2025-10-04,26,17,0.66,Kochi,COD
CUST11751,2024-09-26,18,8,0.45,Bhopal,COD
CUST11752,2024-03-19,20,2,0.14,Kolkata,Prepaid
CUST11753,2024-04-08,49,6,0.12,Bangalore,Card
CUST11754,2024-12-22,14,3,0.26,Chandigarh,Card
CUST11755,2025-04-16,29,24,0.85,Jaipur,COD
CUST11756,2025-07-26,15,0,0.07,Ahmedabad,UPI
CUST11757,2024-10-09,9,0,0.11,Lucknow,Card
CUST11758,2025-02-09,32,2,0.09,Kanpur,COD
CUST11759,2025-08-06,48,3,0.08,Hyderabad,Card
CUST11760,2024-01-07,27,10,0.39,Coimbatore,Prepaid
CUST11761,2025-09-20,15,3,0.22,Raipur,COD
CUST11762,2024-07-04,17,0,0.02,Bangalore,COD
CUST11763,2025-08-10,20,10,0.53,Pune,Card
CUST11764,2024-07-06,49,2,0.06,Bhopal,COD
CUST11765,2024-09-23,21,2,0.11,Kanpur,Prepaid
CUST11766,2025-06-20,10,0,0.1,Delhi,COD
CUST11767,2024-04-07,27,9,0.37,Kolkata,COD
CUST11768,2024-01-29,15,11,0.76,Chennai,COD
CUST11769,2025-10-13,9,0,0.06,Chandigarh,Prepaid
CUST11770,2025-09-06,11,1,0.15,Guwahati,Prepaid
CUST11771,2024-02-01,15,7,0.53,Patna,COD
CUST11772,2024-10-25,13,7,0.57,Mysore,COD
CUST11773,2024-07-16,18,4,0.27,Vadodara,Card
CUST11774,2024-04-29,27,15,0.58,Vadodara,COD
CUST11775,2024-07-11,14,0,0.04,Ahmedabad,Prepaid
CUST11776,2025-06-16,35,4,0.14,Raipur,COD
CUST11777,2024-10-16,33,10,0.33,Chandigarh,COD
CUST11778,2025-01-21,45,1,0.03,Visakhapatnam,COD
CUST11779,2024-11-09,40,0,0.02,Visakhapatnam,UPI
CUST11780,2024-11-10,10,2,0.29,Delhi,Card
CUST11781,2025-07-01,30,14,0.49,Mumbai,COD
CUST11782,2025-12-01,37,26,0.72,Ranchi,Card
CUST11783,2024-08-07,37,4,0.13,Mumbai,COD
CUST11784,2025-05-22,20,11,0.57,Hyderabad,COD
CUST11785,2024-10-24,32,4,0.15,Delhi,COD
CUST11786,2024-08-21,26,3,0.12,Kochi,UPI
CUST11787,2025-03-08,20,0,0.02,Indore,Card
CUST11788,2025-02-23,16,8,0.51,Mysore,COD
CUST11789,2025-05-14,22,1,0.06,Chandigarh,COD
CUST11790,2024-05-11,7,0,0.1,Patna,Prepaid
CUST11791,2024-03-09,15,0,0.02,Vadodara,COD
CUST11792,2024-10-18,21,2,0.14,Kochi,UPI
CUST11793,2024-03-29,13,5,0.42,Hyderabad,COD
CUST11794,2024-04-24,7,0,0.02,Lucknow,COD
CUST11795,2025-03-24,12,2,0.19,Kolkata,UPI
CUST11796,2024-08-03,37,0,0.01,Chandigarh,Prepaid
CUST11797,2024-06-28,26,3,0.14,Mysore,Prepaid
CUST11798,2025-06-01,22,8,0.36,Chennai,COD
CUST11799,2025-03-27,47,1,0.03,Jaipur,COD
CUST11800,2024-02-28,40,3,0.08,Kolkata,COD
CUST11801,2024-11-25,6,0,0.08,Kanpur,Prepaid
CUST11802,2025-01-31,10,5,0.52,Mumbai,Prepaid
CUST11803,2024-01-21,11,5,0.54,Lucknow,COD
CUST11804,2025-04-05,30,17,0.58,Pune,Prepaid
CUST11805,2025-05-05,30,8,0.27,Vadodara,Prepaid
CUST11806,2025-02-01,19,2,0.13,Bangalore,Prepaid
CUST11807,2025-02-24,24,0,0.0,Ahmedabad,Card
CUST11808,2024-08-01,14,8,0.6,Coimbatore,UPI
CUST11809,2025-04-19,24,11,0.47,Visakhapatnam,COD
CUST11810,2024-07-14,38,2,0.06,Hyderabad,Card
CUST11811,2025-01-18,37,10,0.27,Visakhapatnam,Prepaid
CUST11812,2025-09-30,39,2,0.07,Indore,Prepaid
CUST11813,2024-07-03,15,1,0.08,Visakhapatnam,Prepaid
CUST11814,2025-10-18,19,4,0.23,Bangalore,COD
CUST11815,2024-05-13,34,6,0.19,Hyderabad,UPI
CUST11816,2025-11-23,44,6,0.14,Jaipur,COD
CUST11817,2024-11-16,8,0,0.0,Delhi,UPI
CUST11818,2025-01-06,18,0,0.02,Delhi,UPI
CUST11819,2024-10-23,35,4,0.12,Bangalore,Card
CUST11820,2024-06-11,15,1,0.13,Visakhapatnam,Card
CUST11821,2024-04-26,49,7,0.15,Chandigarh,Prepaid
CUST11822,2025-04-29,11,4,0.37,Pune,COD
CUST11823,2025-03-27,49,0,0.0,Coimbatore,Prepaid
CUST11824,2024-12-13,36,0,0.0,Coimbatore,UPI
CUST11825,2024-04-23,24,0,0.02,Kanpur,Card
CUST11826,2024-12-29,23,2,0.1,Lucknow,UPI
CUST11827,2024-09-15,31,4,0.13,Coimbatore,COD
CUST11828,2024-02-23,6,0,0.08,Kanpur,Card
CUST11829,2025-11-03,32,2,0.07,Chennai,Prepaid
CUST11830,2024-11-05,44,0,0.0,Mumbai,UPI
CUST11831,2024-12-09,48,0,0.01,Pune,Card
CUST11832,2024-12-20,23,12,0.55,Kanpur,Card
CUST11833,2025-11-13,10,0,0.04,Raipur,Card
CUST11834,2024-09-05,14,4,0.36,Raipur,COD
CUST11835,2024-01-10,20,0,0.02,Raipur,Card
CUST11836,2025-10-08,12,3,0.32,Ahmedabad,Card
CUST11837,2024-07-09,50,0,0.02,Delhi,COD
CUST11838,2025-01-31,29,17,0.6,Delhi,COD
CUST11839,2025-09-11,17,1,0.07,Patna,UPI
CUST11840,2024-03-22,8,0,0.1,Jaipur,COD
CUST11841,2024-05-06,39,0,0.02,Nagpur,Prepaid
CUST11842,2025-09-07,19,2,0.13,Chennai,Card
CUST11843,2025-11-01,27,1,0.06,Jaipur,Card
CUST11844,2024-12-18,9,1,0.11,Ahmedabad,Prepaid
CUST11845,2024-01-13,13,4,0.31,Patna,Card
CUST11846,2025-08-05,28,2,0.09,Lucknow,COD
CUST11847,2025-05-15,38,9,0.24,Chennai,COD
CUST11848,2025-02-23,25,16,0.66,Kolkata,COD
CUST11849,2025-04-08,30,4,0.14,Patna,COD
CUST11850,2025-01-25,9,2,0.23,Coimbatore,Card
CUST11851,2024-06-03,32,1,0.05,Guwahati,Prepaid
CUST11852,2024-07-21,35,0,0.0,Kolkata,COD
CUST11853,2025-05-13,40,1,0.05,Hyderabad,UPI
CUST11854,2024-12-27,15,2,0.14,Jaipur,Prepaid
CUST11855,2024-08-09,33,26,0.81,Ahmedabad,COD
CUST11856,2025-12-01,15,0,0.05,Chennai,Card
CUST11857,2024-05-11,23,0,0.02,Kolkata,UPI
CUST11858,2024-08-27,31,2,0.07,Kolkata,UPI
CUST11859,2025-08-14,38,12,0.33,Coimbatore,Card
CUST11860,2025-08-30,25,0,0.02,Chandigarh,Prepaid
CUST11861,2025-01-28,6,0,0.07,Delhi,Card
CUST11862,2024-03-09,34,2,0.08,Indore,Prepaid
CUST11863,2025-04-30,17,3,0.21,Mumbai,COD
CUST11864,2024-11-23,38,8,0.22,Indore,COD
CUST11865,2025-09-03,17,2,0.13,Chandigarh,UPI
CUST11866,2024-09-11,20,5,0.3,Indore,UPI
CUST11867,2024-10-30,27,8,0.32,Bangalore,COD
CUST11868,2025-04-02,13,3,0.3,Bangalore,Card
CUST11869,2025-04-11,25,1,0.07,Chennai,COD
CUST11870,2024-01-18,18,4,0.24,Bhopal,COD
CUST11871,2025-07-17,21,10,0.49,Pune,COD
CUST11872,2025-10-21,16,0,0.05,Mumbai,COD
CUST11873,2025-05-23,37,3,0.09,Bangalore,COD
CUST11874,2024-04-04,38,0,0.02,Hyderabad,UPI
CUST11875,2025-06-21,9,0,0.06,Jaipur,UPI
CUST11876,2024-06-11,13,3,0.26,Vadodara,COD
CUST11877,2024-02-23,17,7,0.42,Mumbai,COD
CUST11878,2024-06-05,10,2,0.25,Hyderabad,Prepaid
CUST11879,2025-06-06,45,2,0.05,Jaipur,UPI
CUST11880,2024-07-23,31,3,0.11,Jaipur,Prepaid
CUST11881,2025-06-05,27,1,0.07,Bhopal,Prepaid
CUST11882,2024-09-29,5,0,0.02,Mysore,Card
CUST11883,2024-11-30,43,5,0.13,Hyderabad,UPI
CUST11884,2024-07-28,6,0,0.04,Visakhapatnam,COD
CUST11885,2025-11-21,18,2,0.12,Chennai,COD
CUST11886,2025-08-03,34,1,0.05,Hyderabad,UPI
CUST11887,2024-12-07,5,0,0.0,Bangalore,COD
CUST11888,2025-09-08,20,8,0.45,Visakhapatnam,UPI
CUST11889,2024-03-20,47,4,0.09,Chandigarh,Prepaid
CUST11890,2024-11-06,10,5,0.5,Ranchi,COD
CUST11891,2025-10-23,14,4,0.34,Hyderabad,COD
CUST11892,2024-10-31,9,1,0.13,Mumbai,Prepaid
CUST11893,2025-05-02,18,0,0.04,Mumbai,COD
CUST11894,2024-10-03,34,3,0.11,Mysore,COD
CUST11895,2025-02-11,49,0,0.01,Delhi,Prepaid
CUST11896,2025-08-13,34,2,0.06,Jaipur,Card
CUST11897,2024-07-26,22,2,0.12,Patna,Prepaid
CUST11898,2024-01-02,20,6,0.34,Ahmedabad,Prepaid
CUST11899,2024-08-25,23,12,0.56,Patna,Card
CUST11900,2025-07-11,43,2,0.05,Ahmedabad,COD
CUST11901,2025-02-20,17,3,0.22,Kolkata,COD
CUST11902,2025-11-19,27,1,0.07,Guwahati,UPI
CUST11903,2024-05-20,35,8,0.23,Chennai,COD
CUST11904,2024-02-13,39,2,0.07,Guwahati,Card
CUST11905,2025-08-10,45,2,0.05,Guwahati,COD
CUST11906,2024-04-24,33,6,0.19,Pune,Card
CUST11907,2024-08-20,5,0,0.02,Bangalore,UPI
CUST11908,2025-06-19,28,1,0.05,Visakhapatnam,UPI
CUST11909,2024-08-19,31,1,0.05,Lucknow,UPI
CUST11910,2025-05-22,17,1,0.1,Lucknow,COD
CUST11911,2024-08-02,20,2,0.14,Mysore,Prepaid
CUST11912,2024-07-31,16,10,0.66,Delhi,COD
CUST11913,2025-03-08,24,3,0.16,Lucknow,Card
CUST11914,2024-08-01,24,2,0.1,Kolkata,Card
CUST11915,2024-02-02,44,3,0.07,Patna,UPI
CUST11916,2025-03-08,29,3,0.11,Raipur,Card
CUST11917,2024-02-09,25,14,0.59,Kochi,Prepaid
CUST11918,2025-04-10,10,0,0.08,Delhi,UPI
CUST11919,2024-08-09,7,1,0.15,Ahmedabad,Prepaid
CUST11920,2024-03-11,48,0,0.02,Vadodara,UPI
CUST11921,2024-09-16,39,3,0.08,Jaipur,Card
CUST11922,2024-02-10,33,0,0.03,Bangalore,COD
CUST11923,2024-07-22,14,0,0.02,Raipur,Prepaid
CUST11924,2024-02-14,46,5,0.12,Kochi,Prepaid
CUST11925,2024-04-28,36,3,0.1,Ahmedabad,COD
CUST11926,2025-05-23,43,4,0.11,Patna,Card
CUST11927,2025-03-04,49,5,0.11,Delhi,UPI
CUST11928,2025-11-11,9,0,0.11,Chennai,UPI
CUST11929,2024-03-29,13,0,0.04,Bangalore,Card
CUST11930,2025-05-04,39,3,0.1,Chennai,COD
CUST11931,2024-08-25,34,6,0.19,Mumbai,COD
CUST11932,2025-06-06,30,3,0.11,Mumbai,Prepaid
CUST11933,2024-11-23,38,1,0.04,Bangalore,UPI
CUST11934,2024-04-11,38,7,0.19,Nagpur,COD
CUST11935,2025-06-06,9,0,0.09,Bangalore,COD
CUST11936,2025-10-03,12,2,0.25,Nagpur,Card
CUST11937,2024-02-13,21,0,0.03,Visakhapatnam,UPI
CUST11938,2024-05-10,28,2,0.1,Hyderabad,Card
CUST11939,2025-05-24,30,15,0.51,Chennai,UPI
CUST11940,2025-10-18,40,2,0.06,Bangalore,COD
CUST11941,2024-11-06,46,1,0.04,Coimbatore,Card
CUST11942,2025-08-26,35,1,0.05,Visakhapatnam,Card
CUST11943,2025-05-16,16,4,0.28,Lucknow,Card
CUST11944,2024-10-22,21,1,0.09,Indore,Prepaid
CUST11945,2024-11-09,20,2,0.14,Bhopal,COD
CUST11946,2025-11-16,22,2,0.1,Pune,Card
CUST11947,2025-07-09,19,7,0.38,Kolkata,COD
CUST11948,2025-10-15,38,2,0.07,Chennai,COD
CUST11949,2025-01-18,26,2,0.1,Ahmedabad,COD
CUST11950,2024-05-29,41,1,0.04,Bhopal,COD
CUST11951,2024-01-04,29,0,0.02,Kochi,COD
CUST11952,2025-06-07,39,7,0.2,Indore,Prepaid
CUST11953,2025-05-02,45,6,0.15,Raipur,UPI
CUST11954,2024-02-12,28,0,0.03,Ranchi,UPI
CUST11955,2024-07-28,13,1,0.08,Kochi,COD
CUST11956,2024-10-18,15,2,0.16,Chennai,COD
CUST11957,2024-08-30,41,3,0.09,Coimbatore,COD
CUST11958,2024-07-27,19,0,0.05,Pune,Prepaid
CUST11959,2024-04-07,32,20,0.63,Raipur,COD
CUST11960,2024-08-13,44,1,0.04,Bangalore,COD
CUST11961,2025-04-01,32,3,0.1,Visakhapatnam,COD
CUST11962,2025-01-28,50,0,0.01,Kanpur,UPI
CUST11963,2025-03-23,18,2,0.11,Vadodara,Card
CUST11964,2025-09-13,37,0,0.0,Patna,COD
CUST11965,2025-02-17,49,0,0.01,Kanpur,COD
CUST11966,2025-01-23,20,1,0.06,Nagpur,UPI
CUST11967,2025-04-08,30,24,0.81,Lucknow,COD
CUST11968,2025-03-22,28,2,0.09,Ahmedabad,UPI
CUST11969,2025-05-05,19,0,0.04,Chennai,COD
CUST11970,2024-02-07,38,3,0.09,Nagpur,UPI
CUST11971,2025-09-22,50,1,0.03,Raipur,Prepaid
CUST11972,2024-05-25,21,1,0.08,Indore,UPI
CUST11973,2024-08-25,23,9,0.4,Delhi,Card
CUST11974,2025-03-09,16,1,0.1,Ahmedabad,Prepaid
CUST11975,2024-04-13,43,6,0.14,Lucknow,COD
CUST11976,2024-07-02,37,9,0.26,Bhopal,COD
CUST11977,2024-10-05,10,4,0.41,Bangalore,COD
CUST11978,2024-02-19,8,0,0.08,Bangalore,Prepaid
CUST11979,2025-04-18,28,2,0.09,Indore,COD
CUST11980,2024-03-09,20,0,0.02,Mumbai,Prepaid
CUST11981,2025-07-17,36,2,0.07,Visakhapatnam,UPI
CUST11982,2025-09-12,30,13,0.47,Coimbatore,COD
CUST11983,2024-06-19,24,5,0.23,Visakhapatnam,UPI
CUST11984,2024-11-01,9,0,0.01,Bhopal,COD
CUST11985,2025-05-13,19,8,0.45,Kolkata,COD
CUST11986,2025-08-27,45,2,0.07,Vadodara,Card
CUST11987,2024-08-20,30,3,0.12,Mumbai,UPI
CUST11988,2025-04-19,34,2,0.07,Hyderabad,COD
CUST11989,2024-10-29,24,16,0.67,Raipur,COD
CUST11990,2025-09-04,46,6,0.14,Raipur,COD
CUST11991,2024-03-10,10,2,0.26,Vadodara,COD
CUST11992,2024-05-29,15,2,0.14,Delhi,Card
CUST11993,2024-01-25,18,0,0.0,Bhopal,UPI
CUST11994,2025-06-13,28,6,0.24,Mumbai,UPI
CUST11995,2024-06-06,40,9,0.24,Delhi,UPI
CUST11996,2024-07-20,45,4,0.11,Bangalore,COD
CUST11997,2024-05-16,7,0,0.06,Mumbai,COD
CUST11998,2024-08-03,14,0,0.06,Indore,COD
CUST11999,2024-08-12,21,2,0.13,Lucknow,Prepaid
